distance_km,weight_kg,num_stops,priority,loading_time_min,dock_wait_time_min,operator_experience_yrs,route_type,departure_shift,delayed
345.71,573.48,3,0,59.76,18.03,3.8,long_haul,day,1
144.0,550.16,5,1,53.7,28.73,7.52,urban,day,1
412.57,1330.06,1,0,108.53,31.82,5.45,mixed,day,1
441.08,932.12,5,1,43.66,52.89,7.37,urban,night,1
10.0,715.31,3,1,65.96,36.56,5.58,mixed,night,0
104.67,999.49,4,0,45.0,32.64,6.13,long_haul,night,1
319.18,50.0,1,1,95.71,27.0,3.1,long_haul,night,0
252.56,782.75,5,1,77.74,29.24,3.11,long_haul,day,1
297.48,1599.01,1,0,46.43,49.57,8.67,mixed,night,1
172.04,852.94,5,1,70.25,30.06,6.91,mixed,night,1
431.91,827.17,4,0,65.15,24.08,1.93,long_haul,day,1
416.67,1019.25,2,0,49.67,21.53,5.54,mixed,night,1
309.9,1158.24,1,0,75.16,21.69,0.0,mixed,night,1
469.09,50.0,4,0,67.79,8.97,3.28,urban,day,1
370.13,127.07,1,1,64.31,18.74,7.88,mixed,day,0
171.11,884.12,4,1,59.16,52.48,4.62,urban,day,1
355.31,514.05,4,1,68.62,26.9,5.35,mixed,night,1
156.17,1324.81,2,1,64.59,40.57,0.0,urban,day,1
431.77,673.93,2,1,61.18,0.0,3.82,mixed,day,0
292.51,50.0,2,0,47.18,38.52,6.01,urban,night,1
272.27,292.79,2,0,93.88,27.58,6.4,urban,night,1
197.86,50.0,1,1,38.99,22.78,7.89,mixed,night,1
483.38,706.35,2,1,68.55,32.71,4.37,urban,night,0
276.82,724.65,4,0,53.6,22.56,4.5,long_haul,day,0
235.75,630.21,2,1,95.19,0.0,1.0,mixed,day,0
247.18,1231.55,4,0,41.93,43.83,4.39,urban,night,0
379.85,1279.41,5,0,45.29,33.65,1.22,urban,day,1
354.82,731.84,4,0,40.6,25.29,0.0,long_haul,day,1
361.91,50.0,3,0,66.47,15.51,1.74,mixed,night,1
364.62,1046.91,2,0,32.54,7.95,9.53,mixed,day,0
621.25,1022.14,5,1,50.43,33.36,4.19,urban,night,1
239.04,923.76,2,1,16.95,54.2,5.66,mixed,night,1
223.16,1192.59,3,1,64.81,33.05,3.46,long_haul,night,0
177.93,334.07,3,0,50.0,9.26,0.0,urban,day,1
392.4,1603.5,4,1,30.24,33.38,7.81,urban,day,1
469.35,416.23,3,1,81.71,29.2,0.0,urban,day,0
282.91,1099.69,4,0,33.85,42.96,3.34,urban,night,1
173.98,125.06,5,0,75.94,39.1,4.84,mixed,day,1
176.33,427.89,2,0,45.98,0.0,5.69,long_haul,day,0
397.59,1406.55,5,1,92.03,38.18,2.82,long_haul,night,1
411.49,695.64,1,1,74.99,14.95,0.0,long_haul,day,1
381.47,1135.97,5,1,39.84,8.67,2.6,urban,day,1
200.17,894.78,1,1,41.66,27.17,2.75,long_haul,day,1
334.82,758.02,5,1,72.11,36.16,2.68,urban,day,1
317.5,1345.54,2,0,54.75,5.39,7.91,urban,day,0
332.8,705.34,5,1,56.61,40.57,1.36,mixed,day,1
430.71,87.7,1,0,85.44,41.45,5.9,urban,night,1
333.54,478.7,3,1,45.03,30.7,5.47,long_haul,night,0
401.84,1020.48,5,1,61.83,16.99,7.88,long_haul,night,1
310.14,958.2,1,1,79.09,15.31,4.6,long_haul,night,0
343.37,173.18,2,0,76.18,45.39,7.37,long_haul,night,0
394.69,510.26,1,1,56.81,7.33,4.48,urban,night,0
81.43,567.31,2,1,54.22,45.97,6.3,urban,day,1
252.05,653.81,2,1,25.22,27.52,0.49,long_haul,day,1
229.44,249.63,4,1,38.88,28.56,0.0,mixed,night,1
204.17,548.65,2,0,66.37,4.38,6.13,long_haul,night,0
258.73,508.56,1,0,57.24,27.8,6.29,urban,day,0
524.24,1108.61,1,0,61.5,39.2,6.43,urban,day,0
170.13,1123.65,5,1,80.79,9.95,3.43,urban,day,1
445.24,741.68,5,0,36.25,37.48,9.47,mixed,day,1
47.57,643.18,2,1,55.28,31.34,3.62,long_haul,night,1
249.77,855.97,1,0,63.77,20.34,6.26,long_haul,day,1
324.41,473.37,1,1,45.92,42.82,6.78,urban,night,0
387.93,341.27,5,0,88.63,0.0,10.16,mixed,night,1
406.68,423.91,4,1,78.17,35.2,4.05,urban,day,1
419.0,546.07,4,0,65.8,54.29,3.04,urban,night,1
247.69,334.61,2,0,95.88,51.6,0.51,urban,night,1
230.65,864.82,4,1,30.02,35.85,9.66,mixed,day,1
428.7,1091.89,1,0,59.85,25.47,6.26,mixed,day,1
271.3,165.16,4,0,67.33,20.46,6.36,urban,night,1
108.65,810.05,3,0,41.71,25.46,14.35,mixed,day,0
130.01,712.03,2,1,66.01,38.16,5.98,long_haul,day,0
162.08,936.6,4,0,37.87,17.89,1.09,urban,day,1
374.57,794.82,4,0,73.81,41.36,4.41,urban,day,1
321.36,218.56,3,1,81.16,62.0,2.08,mixed,night,1
403.57,295.04,1,1,65.45,29.07,3.81,long_haul,day,0
235.91,811.77,1,0,22.94,9.83,3.79,long_haul,night,0
323.78,1211.51,5,0,40.66,9.83,3.24,urban,day,0
393.84,50.0,2,0,71.29,41.65,0.82,mixed,night,1
253.6,938.29,2,0,60.42,29.1,9.78,long_haul,day,0
368.52,1275.85,4,1,10.0,43.15,5.9,urban,night,1
200.71,738.79,2,0,84.86,22.0,4.32,mixed,night,0
245.54,1020.08,2,1,62.73,42.46,7.27,long_haul,day,0
242.74,518.77,4,1,43.62,27.63,6.41,urban,night,1
120.62,752.25,3,0,79.9,19.01,5.83,mixed,day,1
373.05,151.63,4,0,46.45,23.99,7.05,long_haul,night,1
229.59,50.0,1,0,46.23,12.04,5.4,urban,night,0
301.87,1177.11,3,1,67.17,59.84,7.01,mixed,day,1
372.11,406.0,3,1,95.62,28.55,7.26,mixed,day,1
366.98,617.79,4,0,92.47,39.67,5.49,long_haul,day,1
399.81,245.42,1,0,67.19,21.95,4.34,long_haul,night,1
285.23,236.01,1,1,69.25,14.22,9.59,long_haul,night,0
236.51,730.46,4,0,75.83,26.49,3.57,urban,day,0
288.04,508.17,4,0,34.86,46.52,6.17,long_haul,day,1
46.9,951.19,5,0,72.88,22.19,6.24,long_haul,day,1
82.93,981.02,2,1,45.32,16.94,3.17,mixed,day,0
101.6,928.34,5,1,66.37,32.33,2.58,mixed,day,0
150.41,895.44,2,0,55.45,37.49,3.94,urban,day,1
359.97,1431.11,4,0,70.02,54.64,3.52,long_haul,night,0
164.18,372.96,1,0,62.36,35.31,0.63,urban,day,1
243.28,778.03,5,1,10.0,39.66,3.05,urban,night,1
494.88,1253.08,2,0,63.58,40.79,5.8,long_haul,day,1
246.56,1305.82,5,0,72.84,12.7,8.8,long_haul,day,1
410.63,231.29,2,0,68.92,15.55,6.66,long_haul,night,0
159.96,675.06,4,1,57.95,13.74,0.0,mixed,day,0
269.18,1343.25,3,0,92.84,10.02,6.92,urban,day,1
157.5,1003.23,1,1,66.23,41.93,3.33,mixed,night,0
249.15,878.11,1,1,68.75,34.35,6.36,urban,night,1
426.05,712.93,4,1,80.89,31.19,4.96,long_haul,night,1
40.9,646.48,1,0,67.25,0.0,4.42,mixed,day,1
365.16,915.29,2,0,42.04,60.83,4.69,mixed,day,0
335.66,699.05,3,0,11.23,16.59,4.93,urban,day,1
210.88,782.97,2,0,50.46,60.78,9.03,mixed,night,0
83.09,831.44,1,1,75.22,8.26,4.94,long_haul,night,1
310.82,528.77,4,0,52.94,17.81,8.26,mixed,day,1
220.58,1012.85,4,0,76.02,0.0,7.82,urban,night,1
334.9,1965.7,4,1,62.97,35.43,7.0,urban,day,1
303.28,89.21,5,0,85.76,13.48,0.0,urban,day,1
540.27,929.61,1,0,54.1,13.9,8.35,urban,day,0
264.1,495.92,3,1,69.35,9.41,3.63,long_haul,day,0
146.48,1030.96,2,1,70.12,41.66,7.15,mixed,night,1
326.89,818.62,5,1,90.03,40.67,2.08,urban,night,1
333.0,1104.74,3,0,25.87,57.18,1.44,long_haul,day,1
503.88,1270.2,1,1,50.83,19.71,10.93,urban,day,0
425.27,876.97,4,1,76.97,33.28,2.13,urban,day,0
353.53,1252.82,1,0,90.92,10.66,8.44,mixed,day,1
519.5,50.0,2,0,64.8,24.97,5.36,urban,day,1
121.69,1436.18,4,1,54.15,22.22,3.74,mixed,day,1
204.04,950.02,3,0,75.14,36.97,4.87,long_haul,day,1
161.01,1231.14,4,0,77.37,45.26,1.1,long_haul,day,1
241.53,312.05,3,1,52.81,44.87,4.96,urban,day,1
93.5,467.69,5,1,66.61,17.36,1.75,mixed,night,1
395.27,858.38,3,0,83.61,44.98,3.81,urban,day,0
266.67,793.18,1,1,97.81,29.34,7.78,mixed,day,1
79.38,913.23,1,1,74.85,25.13,5.76,urban,day,1
147.66,1233.81,4,1,60.88,19.37,0.55,mixed,night,1
347.03,93.91,1,0,58.92,21.6,7.55,urban,day,0
425.72,1189.53,2,0,71.15,56.13,4.98,long_haul,day,1
599.51,803.31,1,1,57.69,34.61,3.37,long_haul,night,0
737.08,718.49,2,0,63.79,32.62,7.24,urban,night,1
362.16,211.55,3,1,38.84,26.07,4.5,long_haul,day,0
151.57,1001.22,1,1,85.94,66.69,1.5,urban,day,0
10.0,50.0,3,0,37.2,49.58,10.54,mixed,night,1
340.16,1059.36,5,1,51.36,19.18,4.95,urban,day,1
178.06,203.16,1,1,61.95,25.9,4.76,urban,day,0
237.7,821.38,1,1,99.82,26.79,3.78,mixed,day,1
208.19,752.33,2,1,51.55,32.19,8.54,mixed,day,0
278.88,1267.82,5,1,46.68,19.48,3.43,mixed,night,1
459.9,728.54,3,1,48.98,36.58,0.37,mixed,night,1
323.56,522.34,4,1,93.18,51.78,2.96,urban,day,1
276.2,597.36,1,1,10.0,10.3,8.98,urban,night,0
144.65,1309.15,4,0,39.95,13.08,7.5,mixed,day,1
48.8,1014.52,1,0,114.63,22.75,4.23,mixed,night,1
227.05,645.75,4,0,71.82,23.45,9.12,urban,day,1
291.93,705.42,1,1,37.88,59.98,7.24,urban,day,0
565.19,173.13,5,0,59.16,45.03,4.2,mixed,night,1
319.54,955.39,2,1,61.35,44.16,4.5,mixed,day,1
447.41,96.07,1,0,76.92,26.03,5.99,long_haul,day,0
225.11,1100.72,2,0,96.79,25.71,2.5,mixed,day,1
122.26,851.45,1,0,67.77,8.22,5.01,mixed,night,0
155.23,1754.78,1,1,49.2,41.73,5.93,mixed,day,0
191.22,359.95,3,1,75.74,37.37,0.0,urban,night,1
619.27,758.94,2,1,46.03,49.29,4.43,urban,night,1
176.79,1519.32,2,1,39.33,26.84,4.09,urban,night,0
425.77,1276.56,5,0,24.8,27.87,8.08,long_haul,day,1
164.56,521.52,1,1,28.7,32.55,0.0,urban,night,0
439.74,889.59,2,0,42.07,43.38,3.86,mixed,day,0
357.74,800.8,1,0,36.44,7.95,3.55,mixed,night,0
276.5,912.78,3,1,66.26,41.04,7.88,urban,night,1
293.89,520.53,2,1,36.01,29.69,4.87,long_haul,day,0
201.78,764.27,1,0,10.0,14.12,10.39,mixed,night,1
366.91,160.78,1,1,39.12,0.0,6.99,urban,day,0
231.75,854.05,5,0,50.56,27.95,3.77,long_haul,day,0
116.16,980.01,1,1,47.89,51.72,5.72,mixed,day,0
108.31,709.03,4,1,90.39,55.12,3.94,urban,night,1
325.89,153.98,5,1,47.73,35.33,7.58,mixed,night,0
536.86,1195.41,3,1,77.62,59.43,1.0,mixed,night,1
324.0,945.81,2,1,59.62,29.36,2.53,urban,day,1
282.2,509.59,4,0,59.15,44.3,6.37,long_haul,night,0
342.87,687.76,5,1,43.29,23.23,8.68,mixed,night,1
495.9,199.73,1,0,58.82,22.28,0.0,mixed,night,0
332.91,389.84,5,0,44.7,19.84,9.12,urban,day,0
238.36,584.88,5,1,63.4,0.0,4.58,urban,day,1
465.94,1291.37,1,1,55.28,49.31,0.0,mixed,night,1
364.31,544.2,1,0,41.11,20.38,0.0,mixed,day,1
530.36,1056.09,4,0,79.84,17.98,0.41,mixed,day,1
327.49,584.67,1,1,68.54,12.3,4.94,long_haul,day,1
116.33,899.18,4,0,51.04,26.93,4.8,urban,day,0
94.78,743.44,1,0,62.91,56.45,6.9,mixed,day,0
547.64,1149.22,4,0,58.32,61.41,3.35,long_haul,day,1
558.55,586.08,2,0,42.65,5.09,1.68,long_haul,night,0
273.07,170.99,1,1,61.41,24.68,3.76,long_haul,night,0
242.52,247.22,1,1,47.58,14.48,5.1,long_haul,day,1
519.22,587.25,1,1,41.1,44.83,5.69,urban,day,1
133.94,300.38,3,0,27.54,34.3,2.63,mixed,night,1
165.79,964.08,1,1,52.83,20.45,7.7,long_haul,day,0
396.5,613.69,5,1,71.34,31.09,3.14,mixed,night,1
240.81,1749.84,4,0,46.11,22.84,2.39,urban,day,1
299.23,104.91,2,0,110.41,54.21,3.37,long_haul,day,1
275.48,881.45,5,0,77.71,38.2,8.22,urban,day,1
350.64,348.82,4,1,86.09,40.05,4.6,urban,day,1
511.12,602.64,4,1,75.9,0.0,2.92,urban,night,1
313.59,856.57,1,0,97.06,29.0,7.78,mixed,day,0
396.59,50.0,4,0,44.26,61.25,11.43,mixed,night,1
10.0,894.73,3,0,10.0,49.89,5.63,mixed,night,0
292.69,1561.16,5,1,51.08,2.29,8.7,long_haul,night,1
173.52,618.62,3,0,71.16,25.3,8.11,mixed,night,1
117.18,903.92,4,0,63.03,11.98,3.18,mixed,day,1
168.28,1209.97,2,0,65.51,55.67,5.08,long_haul,day,1
249.88,734.42,1,1,86.42,33.66,1.15,long_haul,night,1
437.39,567.62,1,0,67.64,18.48,4.39,urban,day,0
101.04,50.0,5,1,75.98,30.51,3.12,urban,day,1
304.59,1056.4,4,1,41.21,0.0,3.79,mixed,day,0
227.37,754.73,2,1,38.09,13.73,2.75,long_haul,day,0
250.85,394.93,4,0,92.28,30.55,4.14,mixed,night,1
450.41,850.64,1,0,62.02,42.69,6.6,urban,day,1
380.72,566.53,1,0,47.54,0.88,4.64,mixed,night,0
500.61,588.63,3,1,47.57,24.28,0.0,mixed,night,1
276.82,1042.52,4,1,47.02,45.15,2.76,mixed,day,1
195.61,264.65,5,1,45.82,8.23,0.44,long_haul,night,1
266.42,1218.93,4,1,34.34,33.44,5.73,long_haul,day,1
336.37,240.93,2,1,29.99,30.99,6.51,mixed,day,0
326.49,534.92,5,0,56.1,55.72,5.77,mixed,day,1
137.34,1569.18,3,1,48.14,26.55,2.64,mixed,day,0
313.57,1250.94,5,1,82.14,27.43,5.74,mixed,day,1
334.23,839.04,1,0,65.86,42.82,3.59,mixed,day,1
677.62,423.79,1,1,65.31,10.1,1.59,mixed,day,1
581.53,588.29,1,0,45.14,26.69,7.23,mixed,day,0
172.01,829.31,5,0,57.58,23.16,7.45,mixed,night,1
256.89,815.01,1,0,67.22,27.92,7.85,urban,day,1
80.48,763.65,5,0,74.32,42.73,3.17,mixed,night,1
211.39,787.67,4,0,58.12,38.31,8.54,mixed,night,1
347.34,714.25,1,0,81.58,18.77,3.52,urban,night,1
480.88,223.21,5,1,60.16,32.05,6.96,urban,day,0
190.64,593.4,1,0,75.86,52.36,3.47,urban,night,0
201.88,1165.85,1,0,50.2,17.53,4.33,long_haul,night,1
10.0,252.67,3,1,23.75,32.18,0.0,long_haul,night,1
275.6,724.18,2,0,65.37,27.1,4.09,mixed,night,0
140.64,472.1,2,0,74.51,29.05,5.27,mixed,day,0
220.58,844.54,1,0,71.51,5.54,3.77,mixed,night,1
168.47,644.55,4,1,68.44,51.16,10.27,mixed,night,1
285.86,1390.96,1,0,53.03,18.38,1.51,long_haul,day,1
36.34,1002.63,2,1,43.87,45.39,3.31,urban,day,1
79.94,275.28,3,0,71.03,20.68,2.29,urban,night,1
619.39,1068.49,3,0,68.53,20.62,3.31,mixed,night,1
106.89,490.14,4,1,48.78,48.2,8.09,urban,day,1
135.48,569.2,2,1,82.19,44.91,9.43,mixed,day,1
575.54,925.53,4,0,42.34,33.13,2.9,long_haul,day,1
735.76,603.3,4,0,48.33,41.42,2.83,urban,day,1
124.27,1157.14,2,1,92.73,25.67,1.53,mixed,night,0
244.76,490.2,2,0,77.37,29.87,8.92,mixed,night,0
351.23,552.42,3,0,52.84,20.08,8.36,long_haul,day,0
559.3,537.45,3,1,65.75,43.56,4.68,mixed,day,1
151.97,573.74,1,0,63.1,19.6,0.81,urban,night,0
263.21,1239.68,3,1,10.0,52.28,1.08,mixed,night,1
416.6,1051.52,1,1,41.87,25.26,5.51,mixed,day,1
365.21,1483.98,3,1,58.98,30.31,6.65,long_haul,day,0
243.58,1707.06,5,0,52.87,41.38,0.0,mixed,day,1
279.93,387.71,3,0,64.94,30.36,4.04,urban,night,1
93.77,828.17,4,0,82.59,25.53,9.85,long_haul,night,1
264.27,329.52,2,0,53.57,29.55,4.35,mixed,day,1
260.04,488.96,5,1,38.85,43.41,9.47,urban,night,1
334.83,547.97,5,1,66.5,20.06,6.95,mixed,night,0
216.7,377.14,5,1,53.47,28.11,1.75,long_haul,night,0
370.73,379.25,4,1,56.88,30.15,4.12,mixed,day,1
451.91,742.29,4,1,54.16,42.97,4.61,urban,day,1
323.31,313.31,3,0,104.84,28.5,2.14,mixed,night,1
352.76,1136.85,5,0,15.19,57.12,2.09,urban,night,1
307.97,432.9,5,0,52.23,27.65,9.52,mixed,night,1
300.01,1923.83,3,1,59.93,26.43,2.07,mixed,night,1
191.77,619.45,1,0,44.38,27.43,8.24,urban,day,0
347.47,828.81,1,1,78.0,10.25,3.69,urban,day,1
285.41,281.86,2,0,76.27,14.45,4.92,long_haul,day,0
613.98,1482.44,1,1,59.04,22.04,6.69,urban,night,0
536.0,1247.8,2,1,54.59,47.04,3.2,long_haul,day,0
357.88,918.77,1,0,57.76,29.5,6.7,mixed,night,0
185.54,261.28,5,0,57.9,22.73,0.0,mixed,night,1
133.14,884.27,1,0,58.43,48.4,6.32,urban,night,0
478.67,351.43,4,0,56.24,53.27,0.0,urban,night,1
339.41,1384.94,2,0,65.05,48.83,4.32,urban,day,1
372.02,1123.68,1,1,75.06,17.2,7.56,mixed,day,1
38.31,838.18,4,0,35.39,22.57,6.87,long_haul,night,1
439.12,50.0,5,0,38.99,57.21,1.1,long_haul,day,0
368.16,406.63,4,1,25.03,33.62,1.49,urban,day,1
133.44,1075.1,5,1,77.33,25.99,2.93,urban,night,1
229.27,1285.15,3,0,65.01,40.78,5.56,urban,night,1
339.56,1243.67,4,1,70.11,45.11,0.0,long_haul,day,0
307.87,163.19,1,0,31.41,21.43,4.96,urban,day,1
256.17,920.62,5,0,95.7,33.29,5.93,urban,day,1
284.48,1206.21,4,0,47.82,43.9,4.15,mixed,night,1
262.2,136.67,2,0,63.36,12.6,6.58,mixed,night,1
322.88,796.84,2,0,77.09,30.19,5.67,urban,day,1
520.72,909.54,4,1,40.26,13.28,3.38,mixed,day,0
10.0,679.69,1,0,49.07,15.25,0.0,urban,night,1
264.47,59.14,5,0,63.58,21.55,5.4,urban,night,1
326.48,669.72,2,0,117.15,37.16,2.14,urban,day,1
344.4,669.08,1,0,66.02,25.17,3.26,urban,night,1
244.21,740.77,2,0,92.13,20.27,6.44,long_haul,day,0
36.49,574.61,5,1,84.11,30.77,9.25,mixed,day,0
349.2,622.8,2,1,67.36,12.8,4.89,long_haul,day,0
559.1,784.12,3,1,40.22,36.43,6.66,urban,day,0
69.92,976.98,5,0,81.2,46.97,0.67,mixed,day,1
429.57,678.23,1,1,30.04,28.81,5.74,long_haul,day,1
250.72,636.14,4,1,92.02,26.96,4.82,urban,day,1
290.8,836.94,2,1,64.0,35.6,8.69,long_haul,day,0
142.07,50.0,4,0,10.0,0.0,3.38,mixed,day,1
249.83,990.81,1,1,53.19,38.05,4.28,mixed,night,0
495.01,799.77,1,0,73.08,76.53,8.18,urban,day,1
387.4,815.88,4,1,55.26,28.16,4.72,mixed,day,1
559.85,1184.29,5,0,74.3,28.21,1.67,mixed,night,1
476.61,50.0,5,1,43.0,41.15,12.65,long_haul,day,1
365.86,50.0,4,0,33.88,54.68,1.76,long_haul,night,1
561.59,909.52,3,1,58.57,44.62,4.81,urban,night,1
365.85,797.15,1,0,60.63,0.0,6.04,long_haul,night,0
424.2,868.07,2,1,53.03,38.45,5.8,long_haul,day,0
255.51,615.15,4,0,84.55,68.58,4.43,mixed,day,1
309.98,1065.74,2,1,43.0,39.34,4.45,urban,night,1
195.39,1173.06,3,1,66.26,12.68,4.3,urban,night,0
448.44,993.59,1,0,61.36,34.23,1.65,urban,day,1
123.25,695.67,3,0,28.87,10.79,11.45,urban,night,0
417.35,50.0,2,1,33.62,48.49,4.34,long_haul,day,0
271.4,1107.69,1,0,60.24,15.66,6.79,urban,night,1
475.69,1288.69,1,0,99.62,31.11,4.0,mixed,night,1
412.63,1057.82,3,1,71.59,17.13,3.94,mixed,day,1
573.1,448.14,2,0,25.49,21.8,3.63,mixed,night,1
409.62,1069.52,1,0,10.0,52.29,0.35,urban,night,0
64.19,1144.21,3,0,74.66,31.55,4.52,mixed,night,1
289.96,1423.53,1,0,58.08,21.61,3.78,mixed,day,1
124.2,449.56,1,0,82.83,12.82,8.51,mixed,night,1
222.26,709.42,1,0,42.39,1.92,1.41,urban,night,1
526.68,1098.91,3,0,67.0,11.23,3.27,mixed,day,0
395.63,822.96,5,0,76.92,31.68,2.3,urban,night,1
195.16,353.07,2,0,51.05,44.7,9.33,mixed,day,1
147.94,965.85,2,0,51.48,21.59,2.39,mixed,night,1
304.92,1031.46,2,0,60.51,53.56,6.69,urban,night,1
117.52,835.19,2,1,70.85,19.24,7.91,long_haul,day,1
199.33,887.83,4,0,59.71,26.43,4.56,urban,night,1
346.8,696.52,2,1,79.48,13.81,0.87,long_haul,day,0
473.3,1391.31,4,1,50.76,44.86,0.91,long_haul,day,1
391.31,439.72,5,1,33.43,61.46,7.58,urban,day,1
10.0,565.07,5,1,99.54,3.57,1.22,urban,day,1
345.66,804.39,3,0,47.91,24.81,6.18,urban,night,1
310.81,1151.58,4,1,48.63,48.97,5.34,long_haul,day,1
362.08,201.05,5,0,58.68,8.3,6.13,mixed,night,1
542.43,275.88,4,1,61.34,38.5,6.41,urban,night,0
10.0,50.0,2,0,52.27,48.32,2.2,mixed,night,1
211.33,813.08,1,0,59.65,31.17,2.07,urban,day,1
388.64,352.68,1,0,59.2,38.25,7.14,mixed,night,1
62.76,646.18,5,0,63.5,56.41,3.11,mixed,day,1
521.39,1064.55,3,0,12.85,59.23,0.0,urban,night,1
355.25,543.38,2,1,97.62,29.07,6.95,long_haul,day,0
426.99,892.51,2,0,57.05,22.01,1.89,urban,night,1
214.36,680.26,2,1,71.61,16.2,6.4,mixed,day,0
422.06,1068.85,5,0,32.44,44.65,9.18,mixed,day,1
460.27,990.05,4,1,50.58,9.42,5.05,long_haul,night,1
334.93,523.23,5,0,46.55,26.21,7.99,mixed,day,1
335.16,732.54,2,0,89.39,31.54,5.46,long_haul,night,1
340.55,1217.5,3,0,48.28,22.45,9.76,urban,night,0
170.5,957.35,1,1,75.16,34.2,1.81,long_haul,day,0
277.87,241.22,5,1,46.99,68.47,4.98,urban,day,1
277.12,1062.25,3,0,50.95,28.18,7.02,mixed,day,0
357.51,366.16,3,0,55.09,23.47,4.43,urban,night,1
449.97,1365.01,3,1,85.68,45.23,8.46,long_haul,night,1
141.22,1209.64,2,1,22.2,33.59,3.7,long_haul,day,0
281.25,915.95,5,0,33.69,51.59,11.21,mixed,night,1
522.22,862.89,3,0,21.05,32.47,11.37,mixed,day,0
188.46,716.39,4,0,38.25,26.27,5.85,mixed,night,1
176.66,1071.41,1,1,43.77,3.24,6.66,urban,night,1
330.35,651.69,2,1,27.71,5.7,8.58,mixed,night,1
426.66,894.23,5,0,45.32,2.46,1.44,mixed,day,1
301.71,1148.77,1,0,19.71,35.69,1.06,mixed,day,1
499.34,575.28,1,0,39.64,9.57,8.77,urban,day,0
428.52,553.52,5,1,84.01,48.83,5.82,long_haul,day,1
426.27,322.25,2,0,68.07,30.45,4.32,urban,day,1
383.12,374.21,2,0,63.75,26.34,5.03,mixed,night,1
649.15,68.64,3,0,39.94,17.34,0.0,urban,day,1
269.23,1091.93,1,0,29.28,39.33,4.43,urban,day,0
10.0,1523.57,1,1,37.22,17.93,2.74,urban,night,1
540.64,1370.13,1,0,59.14,15.22,7.75,urban,day,1
231.35,149.57,1,0,77.36,47.83,7.99,mixed,day,1
316.18,1089.94,1,1,78.05,35.32,6.73,mixed,night,0
496.43,1368.84,4,0,72.61,26.48,6.19,mixed,day,1
59.66,617.28,2,0,45.25,39.62,0.51,mixed,day,1
112.25,840.58,1,1,60.49,30.13,6.77,urban,day,0
59.81,50.0,1,1,53.57,35.75,6.89,urban,day,1
180.88,906.69,3,0,55.98,17.75,8.74,mixed,day,0
365.95,374.58,5,0,100.74,61.06,11.35,mixed,day,1
378.63,879.85,2,1,24.76,21.31,0.0,mixed,day,0
341.44,175.52,1,0,55.31,53.34,3.83,urban,night,1
88.09,1017.14,2,1,84.23,27.17,2.77,long_haul,day,1
10.0,1209.81,3,1,30.68,42.11,5.52,urban,day,0
308.15,486.73,1,0,47.13,41.01,5.04,mixed,day,1
229.23,345.23,5,1,49.42,47.2,4.3,urban,night,1
368.91,50.0,4,0,55.53,17.39,8.08,mixed,day,0
405.29,693.43,2,1,28.08,46.13,1.7,mixed,night,0
320.74,567.36,5,0,71.91,57.7,1.88,mixed,day,1
414.02,179.59,2,0,73.33,26.12,1.93,urban,night,1
334.38,981.21,1,1,70.17,30.52,3.92,mixed,day,1
379.51,620.01,5,1,42.59,22.15,1.31,urban,day,1
194.3,369.71,5,0,61.73,24.8,4.85,mixed,day,0
273.06,578.17,2,1,42.01,55.67,4.5,urban,day,1
329.52,1228.52,3,0,53.35,14.94,2.64,urban,night,1
423.08,1041.17,1,0,103.07,15.87,7.62,mixed,night,1
240.94,747.99,4,0,61.91,54.16,4.82,urban,night,1
378.18,1047.64,4,0,36.25,39.37,8.19,urban,day,1
260.12,335.64,4,1,63.61,61.81,4.41,long_haul,night,0
282.37,812.95,3,1,32.96,23.24,4.93,long_haul,day,1
424.43,858.93,4,1,36.02,31.89,3.31,long_haul,night,1
10.0,612.07,3,0,39.18,20.09,4.98,urban,night,1
105.53,974.18,5,1,51.11,32.15,7.14,mixed,day,1
77.67,487.83,1,0,78.74,3.39,3.77,long_haul,night,0
10.0,1003.93,3,1,71.57,40.27,6.56,urban,day,0
198.26,1020.74,3,1,70.46,34.85,2.56,mixed,day,1
412.42,50.0,3,1,38.02,29.14,7.28,urban,day,0
257.27,1276.12,1,1,49.17,24.14,3.26,long_haul,night,1
329.67,50.0,2,0,65.44,16.58,7.56,mixed,day,0
463.38,553.58,5,1,47.43,40.92,5.18,mixed,day,1
499.15,1210.14,1,1,54.43,12.43,9.56,mixed,night,1
289.63,673.09,4,0,68.83,37.68,1.54,urban,day,0
503.04,213.53,4,1,53.02,61.12,0.57,urban,night,1
313.82,362.51,3,0,64.52,52.28,3.15,mixed,day,1
174.39,1210.76,1,0,91.85,7.42,0.85,mixed,day,1
210.84,50.0,1,1,56.56,21.95,0.85,mixed,night,1
77.92,1251.6,2,1,83.59,36.32,6.86,urban,day,0
166.78,777.96,1,0,71.19,28.95,4.99,mixed,night,0
246.3,323.04,1,1,30.66,9.01,3.56,urban,night,0
420.54,566.75,1,1,37.96,35.78,3.84,urban,night,1
558.12,393.11,1,0,43.33,29.85,3.21,long_haul,day,1
92.67,1146.49,5,0,42.9,58.71,9.95,mixed,night,1
358.92,1092.97,4,0,58.19,26.2,2.79,mixed,day,0
143.92,112.34,1,1,72.29,47.52,1.03,long_haul,day,0
371.2,638.56,4,0,85.1,10.99,7.39,urban,day,0
280.34,454.73,1,1,66.16,14.58,4.35,long_haul,day,0
25.36,1317.4,3,1,51.09,40.82,11.12,mixed,day,0
439.24,259.96,1,1,18.36,46.26,3.42,mixed,day,0
209.25,1441.69,1,0,61.41,15.64,7.54,urban,day,0
219.91,786.68,1,0,60.52,30.36,8.25,urban,night,1
139.54,335.23,3,1,63.66,9.28,3.44,mixed,day,1
201.86,529.09,3,1,102.12,27.28,2.77,urban,day,1
364.18,479.35,2,0,84.81,42.55,7.22,urban,day,1
271.61,290.15,4,1,75.7,23.48,6.72,mixed,day,1
349.3,837.93,4,1,40.76,26.26,0.77,mixed,night,0
354.29,308.83,4,1,49.74,13.05,1.61,urban,night,0
498.1,50.0,3,0,58.1,20.27,0.0,mixed,day,0
248.58,648.13,3,1,44.49,56.37,6.79,long_haul,night,0
78.47,78.86,3,1,70.01,31.09,4.21,mixed,day,0
460.08,499.14,2,1,67.14,14.97,4.51,long_haul,night,1
250.28,436.36,3,0,38.23,25.28,0.0,mixed,day,1
467.19,451.51,1,1,83.94,6.04,1.71,urban,day,1
357.51,1600.39,5,0,62.05,14.79,3.57,urban,day,1
280.33,822.56,2,1,25.42,50.41,2.98,long_haul,day,0
352.32,898.15,4,0,58.97,27.86,5.35,mixed,night,1
592.65,89.44,5,0,65.62,58.36,6.75,long_haul,day,1
611.55,538.41,3,0,79.46,28.57,11.81,long_haul,day,0
310.41,886.12,5,0,53.25,29.46,4.94,urban,day,0
324.03,390.19,3,0,76.56,39.61,8.35,urban,night,1
461.44,1163.23,1,0,63.74,0.0,2.51,mixed,night,1
173.15,318.92,1,1,33.7,33.07,0.0,urban,night,0
349.96,685.45,1,0,31.7,29.27,3.94,mixed,night,1
296.12,565.58,5,1,82.45,52.29,0.21,long_haul,night,1
347.09,865.73,3,0,83.92,44.47,5.04,mixed,day,1
174.99,543.8,2,1,66.46,12.99,2.66,urban,day,1
61.56,691.64,3,0,89.91,48.63,0.0,mixed,day,1
10.0,705.55,2,1,81.13,26.07,10.21,urban,day,0
132.39,506.24,5,0,73.67,16.43,3.39,long_haul,night,1
231.2,994.04,5,0,41.77,32.96,0.09,urban,day,1
256.02,895.36,1,1,94.63,26.96,7.69,long_haul,day,0
590.58,764.55,4,1,70.73,53.08,2.81,mixed,night,0
465.9,627.82,2,0,52.28,35.11,8.27,mixed,day,1
155.69,1118.62,1,1,46.63,33.08,2.8,mixed,day,0
352.16,705.67,5,0,65.14,43.51,3.38,urban,day,1
238.94,677.32,1,0,26.58,46.39,6.03,mixed,night,1
257.35,841.88,2,0,73.99,41.75,6.78,long_haul,day,1
327.8,1478.63,1,1,40.93,51.29,7.31,long_haul,day,1
392.88,263.86,3,0,67.41,39.13,4.73,urban,day,1
249.11,1107.94,3,0,49.57,32.51,6.59,mixed,night,1
459.58,50.0,2,0,54.71,48.59,7.24,long_haul,day,1
128.71,886.91,1,1,44.86,28.64,5.6,long_haul,day,0
300.95,1430.03,1,0,56.78,30.5,4.57,mixed,night,1
689.65,995.47,5,1,97.79,55.82,0.66,urban,night,1
333.46,868.25,5,1,87.7,54.33,6.8,long_haul,day,0
514.98,575.82,5,1,67.09,29.88,5.13,urban,day,1
313.73,812.42,3,1,59.49,23.2,3.76,urban,day,0
387.12,699.17,3,0,76.88,51.95,8.83,long_haul,night,1
291.48,485.61,4,0,82.6,42.01,0.72,urban,day,1
274.44,684.05,4,1,43.4,34.73,9.93,long_haul,night,1
183.08,879.35,3,0,58.45,25.17,4.93,urban,night,1
364.55,493.11,2,0,23.56,34.98,5.95,mixed,day,0
172.27,477.49,3,0,82.46,29.67,3.81,long_haul,day,1
399.84,255.9,1,1,101.3,20.03,0.0,long_haul,night,0
462.79,956.29,1,1,61.6,31.94,4.58,long_haul,night,1
354.98,1018.13,4,0,17.5,33.98,6.0,long_haul,night,0
257.06,892.66,5,1,72.18,24.37,7.03,urban,day,1
368.09,1186.07,1,1,41.92,43.56,4.41,long_haul,night,1
253.7,835.15,1,1,46.73,49.33,0.0,long_haul,night,1
440.33,956.8,1,1,72.53,44.55,0.38,mixed,night,1
25.29,921.53,4,1,65.09,25.86,11.16,mixed,day,0
249.66,763.38,2,0,50.24,41.34,1.72,urban,day,1
10.0,587.67,2,1,47.01,31.17,9.28,mixed,day,0
75.74,1685.66,1,0,62.52,11.46,2.2,mixed,night,0
504.58,619.22,5,0,51.81,40.09,4.45,mixed,night,1
434.28,533.65,3,1,37.82,32.19,6.88,mixed,day,1
192.08,973.6,4,1,53.35,68.9,2.54,mixed,day,0
74.62,900.74,4,0,66.79,51.86,9.78,urban,day,1
10.0,238.08,1,1,56.44,40.67,5.23,long_haul,night,0
218.48,1249.07,5,0,31.73,33.74,6.38,urban,night,1
663.06,762.32,3,0,79.78,32.46,4.2,urban,day,1
365.23,355.63,4,0,10.0,14.94,6.98,urban,day,1
216.06,1275.51,2,1,51.07,3.92,9.74,long_haul,night,1
369.76,1050.27,5,0,47.6,16.91,4.61,long_haul,day,1
65.86,294.18,5,0,62.96,29.28,10.19,urban,day,1
255.4,1510.87,3,1,71.23,0.0,3.17,urban,day,1
314.92,1063.52,1,0,82.54,21.84,7.29,mixed,day,1
287.08,795.92,5,1,45.75,26.29,6.47,urban,day,1
418.62,1436.09,5,0,71.73,26.77,1.79,mixed,night,0
351.7,863.72,3,0,63.92,20.07,5.64,urban,day,1
400.25,788.77,3,1,25.77,24.88,5.02,mixed,night,1
196.74,535.88,2,0,98.01,55.86,2.44,urban,night,1
434.67,1032.74,1,0,31.22,39.93,6.07,mixed,day,0
544.34,990.64,5,0,68.39,21.6,5.44,mixed,day,1
154.48,805.87,3,0,67.8,28.97,4.78,urban,day,1
166.85,484.01,2,0,65.51,29.58,4.79,urban,day,1
500.37,851.97,4,0,50.11,18.48,4.73,urban,night,1
271.3,772.08,1,1,76.55,18.46,3.9,urban,day,0
510.57,266.61,1,0,28.79,45.16,5.42,long_haul,night,1
233.62,211.28,2,0,58.68,23.7,3.07,urban,day,1
518.26,1026.06,3,0,48.72,13.58,12.97,urban,day,1
319.72,50.0,2,1,46.45,29.35,0.77,urban,day,0
338.73,882.16,1,1,68.57,31.77,3.25,long_haul,day,0
534.71,608.77,2,1,81.55,0.41,3.48,long_haul,night,0
245.73,1323.3,2,0,53.13,29.39,11.12,long_haul,night,1
158.83,602.61,3,1,75.61,43.02,1.04,mixed,day,1
232.72,1063.79,3,0,60.99,36.77,6.28,long_haul,night,1
367.85,641.23,5,1,42.15,63.45,5.75,mixed,night,1
65.14,845.5,5,0,54.84,48.77,6.0,long_haul,day,1
395.62,1094.73,2,0,54.01,51.73,8.71,long_haul,day,1
219.18,614.98,5,1,46.07,72.0,8.65,urban,day,1
472.17,1198.62,3,0,68.57,41.37,3.65,mixed,day,1
10.0,402.52,1,0,64.69,32.45,5.58,urban,night,1
182.02,917.84,2,0,28.19,44.61,0.0,urban,day,1
47.03,1169.06,4,1,26.97,21.61,5.3,long_haul,day,0
176.07,1064.01,5,1,68.49,31.62,2.62,urban,night,1
337.15,1566.58,2,1,43.69,20.28,4.44,mixed,day,0
273.12,494.62,1,1,66.04,35.97,0.0,long_haul,night,1
261.99,248.34,1,0,75.62,20.22,6.21,mixed,day,0
276.12,402.27,1,0,34.58,19.7,0.0,urban,day,0
330.51,1064.18,4,0,31.77,36.2,5.44,mixed,day,1
148.72,999.17,3,0,93.49,27.93,1.32,long_haul,day,1
406.03,840.9,3,0,67.03,1.09,2.45,urban,day,0
399.4,350.82,4,0,51.62,8.17,8.46,urban,night,1
357.76,1106.75,5,0,41.32,12.79,6.76,mixed,night,1
383.48,310.12,4,1,49.79,16.76,8.45,long_haul,night,1
344.46,1263.58,1,0,36.19,36.22,9.68,urban,day,0
605.26,1942.98,3,1,77.67,33.28,2.68,urban,night,1
286.94,946.58,5,0,44.46,45.98,9.5,long_haul,day,1
253.94,1033.24,4,1,81.87,41.29,0.6,urban,night,1
186.97,602.86,2,1,51.99,46.08,7.24,urban,night,0
145.16,75.91,2,1,39.13,39.13,3.52,mixed,day,1
113.33,558.91,5,0,51.47,33.15,2.21,urban,day,1
166.68,362.84,1,0,10.0,46.49,6.84,urban,night,0
289.4,221.2,3,1,57.58,43.79,7.83,mixed,night,1
350.14,1488.94,1,1,56.6,35.64,7.75,mixed,day,1
307.67,909.15,5,0,76.49,49.07,5.64,mixed,night,1
185.17,951.88,1,1,22.27,0.0,5.4,urban,day,0
435.03,676.39,1,0,83.24,25.64,6.58,mixed,day,1
410.91,730.85,2,0,76.41,25.41,5.91,mixed,night,1
276.05,1185.82,2,0,85.04,47.29,6.62,long_haul,night,0
202.06,787.07,3,1,58.95,53.57,5.61,long_haul,day,1
382.26,1012.28,2,1,80.28,8.25,7.53,mixed,day,1
328.2,721.6,2,0,30.58,51.17,0.12,long_haul,day,1
82.78,663.14,3,1,74.26,12.43,4.61,long_haul,day,0
289.8,237.23,3,1,44.58,12.88,0.85,urban,day,1
339.31,50.0,5,0,26.97,26.49,5.83,long_haul,day,0
165.05,695.38,3,1,37.52,25.23,9.93,long_haul,night,0
328.48,822.6,3,1,60.11,6.62,3.58,urban,day,1
81.78,285.55,4,1,43.51,39.75,5.38,urban,day,1
500.43,786.21,1,0,67.52,40.19,7.27,mixed,day,0
487.19,821.5,4,1,23.84,45.81,0.0,mixed,day,0
262.12,50.0,5,0,17.46,23.5,3.43,mixed,day,1
354.52,433.95,2,0,87.45,29.41,6.09,mixed,day,1
10.0,962.91,1,1,78.08,29.54,0.0,urban,day,1
126.55,954.82,2,1,39.01,55.32,2.07,urban,day,1
255.93,338.53,2,1,59.94,0.0,8.3,long_haul,day,1
139.18,863.38,3,1,80.39,15.65,8.01,urban,night,1
407.16,1208.96,5,1,68.38,30.08,6.12,mixed,day,1
599.59,1110.83,3,1,62.96,13.72,7.65,urban,day,0
123.51,761.89,1,0,81.9,26.13,5.65,mixed,day,1
174.38,612.81,2,1,45.39,28.11,6.67,mixed,day,0
335.32,548.26,4,0,60.62,20.13,4.05,urban,day,1
541.67,987.13,2,0,59.64,30.97,5.35,mixed,night,1
116.64,878.04,3,1,54.54,39.42,3.1,mixed,day,0
337.36,1051.76,4,1,52.2,26.46,8.79,urban,day,1
573.19,852.75,2,0,61.46,23.2,9.56,urban,day,1
52.24,1127.51,4,1,60.69,27.51,9.14,mixed,day,1
107.84,837.84,2,1,39.03,29.89,3.78,mixed,night,1
236.46,1113.88,1,0,76.04,3.9,2.14,mixed,day,1
221.91,1148.33,2,1,40.47,36.92,8.83,long_haul,day,0
421.89,478.19,3,0,55.64,23.23,6.63,urban,day,1
336.25,76.74,1,1,54.09,48.92,5.99,urban,day,1
33.76,1417.4,5,1,67.16,38.87,3.1,mixed,day,1
377.31,902.66,3,1,17.62,47.55,6.28,mixed,day,1
213.37,114.21,1,1,77.82,14.83,1.74,long_haul,day,1
491.17,514.47,5,1,46.46,24.43,6.9,urban,day,1
205.86,1108.75,5,1,84.4,11.36,9.14,mixed,night,0
204.51,688.13,1,0,50.44,19.42,9.89,mixed,day,0
381.17,595.18,1,0,59.02,48.78,7.13,urban,day,1
414.44,1360.35,2,0,98.28,52.31,0.85,mixed,night,1
367.21,381.09,3,1,54.45,12.78,5.59,mixed,day,0
47.16,480.74,4,1,84.78,23.13,11.42,urban,night,0
380.71,884.55,3,0,60.78,28.86,2.39,urban,night,1
144.85,956.18,4,0,68.31,38.78,4.82,urban,day,1
335.29,998.54,1,1,61.4,3.6,9.24,long_haul,day,0
86.44,1164.5,4,1,76.96,5.95,6.85,urban,night,1
366.95,879.43,5,0,46.29,37.34,12.44,urban,day,1
179.01,995.75,3,1,40.32,0.76,2.8,urban,day,1
107.6,696.32,3,1,47.23,23.3,2.03,urban,day,1
407.07,825.08,2,1,61.99,32.43,8.67,urban,day,1
336.25,843.01,5,1,55.58,36.23,1.41,mixed,night,1
207.9,886.04,1,1,74.21,27.87,4.41,urban,night,0
517.68,1109.02,2,1,86.09,24.51,4.8,urban,night,1
233.9,1022.06,1,1,40.48,42.67,8.11,urban,night,0
304.82,817.69,5,1,45.32,34.28,6.84,mixed,night,1
340.34,476.35,3,0,31.28,20.29,6.37,urban,day,0
207.05,827.07,5,0,100.61,30.57,3.79,mixed,night,1
370.67,788.79,4,0,66.09,35.75,8.65,mixed,night,1
219.98,877.27,3,1,69.6,55.77,17.08,mixed,night,1
238.25,1682.61,3,0,33.2,41.79,7.07,urban,night,1
504.4,590.49,2,1,59.98,48.22,5.3,long_haul,day,1
143.91,968.92,3,0,70.18,20.84,1.11,mixed,day,0
10.0,1227.38,4,0,54.94,22.14,3.09,urban,night,0
541.64,839.2,5,0,81.51,26.47,4.36,mixed,day,0
682.4,1735.14,3,1,106.24,27.85,3.4,long_haul,day,1
239.21,648.78,5,0,41.06,14.88,4.95,urban,day,1
10.0,929.64,5,1,39.56,48.99,10.33,urban,day,1
253.43,480.48,3,1,42.44,43.25,8.74,mixed,day,0
257.07,659.39,3,1,92.12,25.41,4.52,urban,day,1
271.51,899.57,1,0,80.85,39.63,1.38,long_haul,day,1
132.99,1138.52,2,1,57.29,33.34,9.01,urban,day,1
386.93,927.64,5,1,60.73,40.8,4.85,urban,day,0
378.68,1303.65,1,0,43.67,9.84,0.0,urban,day,0
75.84,762.01,2,0,77.8,27.82,7.14,urban,night,1
404.88,667.13,4,1,52.4,29.13,8.08,long_haul,day,1
607.9,1881.59,2,1,54.8,39.35,0.0,long_haul,day,1
325.79,957.7,5,0,72.18,20.57,2.53,long_haul,day,1
249.4,512.21,4,0,56.24,0.0,4.67,mixed,day,1
278.7,522.29,1,0,55.3,13.77,7.2,mixed,night,1
392.29,422.93,2,1,60.21,29.08,3.45,urban,day,0
40.4,1174.63,4,0,75.91,30.96,2.5,urban,day,1
324.66,654.25,5,0,92.93,55.26,7.18,long_haul,night,1
241.43,850.94,5,0,71.71,38.74,3.6,mixed,day,1
577.17,774.6,5,0,76.07,31.22,6.63,mixed,night,1
273.87,1092.6,1,0,56.0,29.51,1.67,mixed,night,1
550.18,461.3,4,0,45.84,46.56,0.94,long_haul,night,1
134.44,369.77,1,1,73.08,21.15,7.27,urban,night,0
388.09,889.72,1,1,63.42,27.9,5.76,mixed,day,0
347.91,1040.38,4,0,31.55,13.66,7.77,mixed,day,1
169.64,933.01,3,0,53.44,51.28,3.4,long_haul,day,1
326.61,476.22,4,0,58.34,35.89,2.61,urban,day,1
481.88,1070.99,5,1,49.79,19.39,9.08,urban,day,0
251.43,502.46,1,0,89.63,28.28,0.43,mixed,day,1
46.21,591.38,3,0,69.6,37.64,8.75,long_haul,day,1
297.37,422.42,5,1,87.46,26.24,8.96,long_haul,day,0
164.64,1320.46,3,0,65.27,21.98,7.58,mixed,night,1
248.65,1053.37,3,0,61.63,20.19,2.94,urban,day,1
287.76,1042.0,3,0,41.27,35.08,2.55,urban,day,0
44.15,1298.88,5,0,60.24,24.63,4.37,mixed,day,1
57.65,1925.06,1,1,60.26,23.19,1.11,urban,night,1
372.31,116.31,5,1,32.66,9.96,2.11,mixed,day,0
221.59,504.65,5,0,49.21,31.16,6.93,long_haul,night,1
10.0,553.53,5,0,53.53,27.28,6.95,urban,day,0
417.73,459.67,3,0,68.27,25.18,1.85,urban,day,1
340.86,368.97,3,1,69.23,32.98,7.03,urban,night,1
192.92,680.14,2,0,48.37,41.22,6.36,urban,day,0
102.48,313.36,2,0,69.38,40.52,9.53,mixed,day,0
425.37,934.02,5,1,56.36,38.29,6.71,urban,day,1
352.4,820.68,3,0,10.0,26.39,8.18,urban,day,1
657.39,992.41,4,0,50.31,21.5,6.43,urban,day,0
363.03,1003.09,1,0,81.58,14.34,7.94,urban,day,1
358.16,1041.2,4,1,26.36,21.1,1.14,mixed,day,1
274.96,650.64,4,1,62.25,30.29,4.63,mixed,night,1
422.52,1648.46,5,1,91.71,18.21,4.88,mixed,day,1
393.76,893.77,1,0,44.79,31.44,4.27,mixed,day,1
487.76,55.01,3,1,60.04,15.52,6.33,urban,night,1
221.8,399.05,3,1,33.92,5.09,6.9,mixed,day,1
234.69,103.8,3,0,92.54,42.29,6.18,urban,night,1
228.13,806.93,1,0,58.33,22.88,4.47,long_haul,day,0
418.62,751.28,3,0,60.93,17.44,2.79,urban,night,1
524.76,612.63,2,1,87.09,13.59,8.29,mixed,night,0
231.17,1604.37,4,0,73.23,36.35,6.05,urban,day,1
236.28,1019.59,2,0,42.49,50.62,1.94,long_haul,night,1
347.11,1090.44,3,1,47.05,23.95,4.42,urban,night,1
263.14,427.57,4,0,69.9,26.77,0.0,long_haul,night,1
442.81,400.34,1,1,47.52,46.07,5.11,urban,day,0
10.0,814.72,4,0,17.66,2.84,4.4,long_haul,day,0
175.99,869.2,4,0,58.94,59.5,3.28,mixed,day,1
182.64,57.48,1,1,30.4,66.66,9.75,urban,night,1
10.0,727.88,1,1,92.33,0.0,1.53,urban,day,1
155.45,805.63,5,0,63.54,28.54,7.12,urban,day,1
162.73,713.94,2,1,41.9,19.22,11.56,long_haul,night,1
269.83,474.64,5,1,46.03,26.03,8.23,long_haul,day,0
466.94,584.19,3,0,22.21,23.72,4.91,urban,day,1
263.24,729.26,2,1,38.01,42.18,1.6,urban,day,1
145.38,836.32,2,0,80.33,28.31,0.91,urban,night,1
291.46,1041.92,4,1,104.64,16.34,3.77,urban,day,1
457.38,1232.34,1,0,74.53,27.42,2.94,mixed,day,1
153.61,682.26,3,0,58.16,37.72,2.84,urban,day,0
163.41,617.54,2,1,51.36,12.24,4.02,urban,day,1
383.78,975.06,1,1,40.87,5.31,4.69,long_haul,day,1
266.77,1044.34,2,0,101.2,59.89,6.46,mixed,day,1
397.12,626.32,3,1,56.23,20.36,1.29,long_haul,night,1
297.95,1116.16,4,0,102.31,27.94,2.95,urban,day,1
405.25,1191.83,1,1,87.87,24.03,4.52,long_haul,day,1
144.74,1316.67,5,1,25.18,38.22,4.41,mixed,day,0
298.19,1511.33,5,1,46.68,56.59,10.51,mixed,day,0
268.4,453.43,4,1,46.62,38.7,5.7,urban,night,1
117.62,805.56,5,1,58.4,7.22,0.16,long_haul,day,1
65.48,804.51,3,1,58.79,9.24,6.25,mixed,night,1
402.86,760.77,5,1,119.92,24.02,6.64,long_haul,night,1
247.36,540.29,4,0,38.46,25.98,4.62,mixed,night,1
146.66,205.78,3,1,64.58,4.17,1.36,long_haul,night,0
285.57,837.07,1,1,72.33,42.29,10.27,mixed,day,1
469.2,492.66,3,0,59.97,13.71,1.79,long_haul,night,1
10.0,834.4,5,1,62.2,52.4,6.98,urban,night,1
75.5,482.38,5,1,39.1,57.31,5.6,urban,day,1
161.57,360.14,3,0,62.13,26.28,6.8,mixed,day,0
519.18,893.72,2,0,70.23,36.58,10.12,mixed,day,0
342.39,860.37,4,0,66.55,11.52,6.68,mixed,night,1
415.1,1031.71,1,1,71.4,39.36,3.32,mixed,day,0
128.98,1674.35,1,1,88.25,22.53,8.32,mixed,night,0
132.07,910.92,3,1,78.74,13.69,3.11,long_haul,day,1
367.17,994.03,5,1,61.43,25.66,5.49,urban,day,1
308.74,368.98,2,0,36.56,23.01,1.12,long_haul,day,0
382.31,285.24,3,1,48.0,25.12,1.9,urban,day,1
271.85,1433.13,2,0,55.61,44.25,5.15,mixed,day,1
341.72,430.61,3,0,65.05,18.22,6.1,long_haul,night,1
323.72,382.42,1,0,50.43,56.03,0.0,urban,day,0
416.67,784.36,3,1,41.29,10.12,6.49,urban,night,1
421.05,763.92,3,0,36.24,54.23,2.54,urban,night,0
57.02,439.0,2,0,26.98,14.75,8.84,mixed,night,0
10.0,678.01,2,0,55.3,29.98,3.94,mixed,day,0
450.26,1291.75,4,0,30.61,22.65,1.63,urban,night,1
478.16,477.6,1,1,39.99,24.84,5.23,long_haul,night,0
146.91,242.53,1,1,52.12,42.02,2.25,urban,night,1
21.02,1177.04,1,1,33.28,52.5,8.81,mixed,day,1
314.86,996.92,5,1,67.6,47.86,5.0,mixed,night,1
439.63,551.79,2,1,74.8,23.93,4.54,urban,day,1
569.64,167.13,1,1,49.01,32.76,6.78,urban,day,0
377.44,502.15,5,0,51.26,18.27,1.99,long_haul,night,1
244.24,778.12,1,1,70.75,15.13,1.13,mixed,night,0
166.03,1266.27,2,1,45.72,12.81,6.23,urban,day,0
301.72,385.37,1,1,44.35,23.44,1.7,long_haul,day,0
255.11,766.19,4,0,83.93,33.74,1.7,mixed,night,1
147.74,1070.06,4,0,77.68,1.32,7.51,urban,day,1
607.31,50.0,4,1,72.03,29.3,6.58,mixed,day,1
567.78,1213.51,2,1,78.51,52.74,1.24,mixed,night,1
470.41,327.02,2,0,20.45,46.83,3.14,urban,night,1
161.87,932.8,5,1,87.08,21.22,2.29,long_haul,day,0
428.25,898.67,5,0,67.84,9.05,10.33,urban,day,1
395.94,1233.83,1,1,80.22,36.9,7.72,urban,day,1
366.38,1020.37,4,0,67.74,0.0,3.74,urban,day,1
487.45,50.0,5,0,60.98,46.65,6.73,long_haul,night,1
395.31,486.09,3,1,54.49,26.8,0.93,mixed,night,1
411.0,855.28,4,1,67.34,57.47,2.98,long_haul,day,1
395.54,722.01,1,0,53.77,4.1,5.31,urban,day,1
351.12,991.04,1,0,77.36,43.77,6.36,long_haul,day,1
32.46,1115.75,1,1,28.27,28.49,4.71,mixed,day,1
312.54,1043.38,1,0,49.17,25.03,5.74,urban,day,1
216.57,714.29,5,1,100.9,9.45,5.24,urban,day,1
108.02,61.47,4,1,47.48,38.94,4.51,long_haul,night,0
552.27,617.81,4,1,55.23,40.14,4.11,urban,day,1
559.35,966.55,2,0,42.35,56.78,3.72,mixed,night,1
503.88,363.82,5,0,66.72,45.12,5.7,mixed,day,0
338.28,1052.51,1,1,45.27,21.09,6.23,urban,night,1
502.59,1163.36,5,0,56.29,14.94,5.6,long_haul,night,1
301.81,850.75,1,1,76.98,9.47,1.46,long_haul,day,0
330.42,50.0,1,0,46.02,52.1,2.0,mixed,day,1
135.98,288.76,1,1,75.77,18.33,6.2,mixed,night,1
359.55,1554.48,4,0,76.44,52.2,9.42,mixed,day,1
309.06,581.38,2,1,81.1,37.88,5.46,mixed,day,1
104.6,50.0,3,1,62.81,34.95,3.76,urban,day,1
292.32,1294.1,3,0,124.83,25.4,5.67,mixed,night,0
288.04,805.34,4,0,81.09,39.91,1.59,urban,day,1
569.63,1241.98,2,0,66.5,29.77,8.93,mixed,day,1
434.13,910.78,1,0,42.48,24.46,5.56,mixed,day,0
301.72,983.42,2,0,58.06,40.44,2.99,urban,night,1
337.32,945.2,2,0,88.53,27.84,4.5,long_haul,day,0
306.63,1079.0,4,1,94.19,18.02,3.42,urban,night,1
269.56,1710.97,4,1,89.57,39.0,8.94,urban,night,1
137.64,1188.4,1,0,75.7,29.04,4.39,urban,day,1
277.34,167.86,4,0,34.89,37.33,5.47,mixed,day,1
188.09,978.66,1,0,69.74,23.19,6.72,urban,night,1
112.45,1256.59,4,1,35.17,11.86,2.78,mixed,night,1
376.68,1281.08,2,0,30.25,56.03,5.58,mixed,day,1
358.69,629.36,2,0,64.78,53.2,5.82,urban,day,1
31.99,1265.98,3,0,70.46,43.26,0.34,long_haul,day,0
281.6,1171.1,2,1,78.07,24.18,5.76,urban,day,0
449.36,1829.01,4,0,69.94,25.5,4.86,mixed,day,1
458.88,500.0,5,1,70.63,50.73,5.39,urban,day,1
453.88,597.04,5,0,40.31,24.69,5.11,mixed,day,1
305.84,677.55,3,0,57.9,20.51,5.78,long_haul,night,1
173.24,603.91,3,0,29.86,58.08,9.01,urban,night,1
137.45,443.99,3,0,19.93,29.28,1.46,urban,night,0
351.69,50.0,4,1,74.81,56.53,3.97,urban,night,1
356.89,626.12,3,0,44.94,9.02,7.0,urban,night,1
493.1,947.74,3,0,77.45,37.77,6.44,long_haul,day,0
465.0,602.71,3,0,82.17,61.07,6.38,mixed,night,1
280.17,1574.15,2,1,47.61,30.45,13.26,mixed,day,0
113.37,805.35,3,0,71.81,26.04,6.84,long_haul,day,0
252.13,1316.41,4,1,46.78,12.48,8.39,long_haul,night,1
332.58,904.57,3,1,23.08,46.24,4.08,long_haul,night,1
269.69,1130.56,5,1,62.47,18.45,2.02,urban,day,1
213.32,911.7,5,1,50.58,28.58,4.06,urban,night,1
337.93,1347.51,3,1,51.2,11.48,7.14,urban,day,1
224.41,822.38,5,0,99.51,53.35,6.22,urban,day,1
205.79,998.45,1,1,29.48,47.32,6.21,urban,day,1
346.72,946.53,5,1,67.66,29.53,4.36,urban,day,1
239.7,684.69,2,0,40.1,12.69,3.88,urban,night,0
336.62,961.99,3,0,78.17,53.04,4.46,mixed,day,1
340.98,1693.75,2,1,65.97,24.51,7.17,urban,day,0
129.09,691.84,3,1,67.59,13.42,7.52,urban,night,1
227.81,967.79,2,1,41.1,3.57,1.98,urban,day,1
515.67,1303.11,4,0,44.69,20.31,7.29,mixed,day,1
125.69,1256.1,1,0,78.55,8.18,3.05,mixed,day,1
10.0,804.69,5,1,95.42,20.66,6.41,mixed,day,0
20.72,50.0,5,0,69.61,41.17,4.42,urban,day,1
304.37,1006.68,3,1,42.05,24.37,9.7,urban,night,1
304.64,50.0,3,1,66.78,35.34,3.75,urban,night,1
282.36,1387.97,4,0,108.55,19.15,5.54,urban,day,1
482.13,867.79,1,1,62.05,30.98,6.82,urban,day,1
10.0,1199.87,4,0,89.24,58.81,2.38,long_haul,day,1
359.39,439.16,2,0,45.19,24.77,4.78,urban,night,0
534.22,179.0,4,0,59.16,35.77,4.2,urban,day,1
130.83,904.3,2,1,72.39,6.52,3.46,mixed,day,0
243.03,786.56,4,1,67.95,52.8,3.68,mixed,night,1
187.07,603.38,4,0,44.67,22.84,8.34,urban,day,0
165.85,833.86,2,1,43.81,45.76,3.2,urban,day,1
251.06,1906.97,4,1,79.77,28.15,6.7,long_haul,day,1
514.12,1133.81,3,1,83.83,39.17,5.94,urban,day,1
575.61,1219.8,2,1,90.24,40.07,0.81,mixed,night,1
249.61,1137.57,3,1,96.08,23.21,6.56,long_haul,day,1
585.76,1391.78,5,1,62.69,46.38,0.76,urban,day,1
305.34,723.97,1,1,53.78,18.62,6.88,mixed,day,0
563.05,50.0,5,0,87.02,41.67,3.48,urban,day,1
286.01,724.57,5,0,74.26,24.15,5.03,urban,day,1
319.66,1124.69,3,0,40.35,35.24,1.12,urban,night,1
354.82,412.08,4,1,39.33,23.07,5.37,long_haul,day,0
776.83,729.45,2,1,69.84,30.75,7.78,urban,night,1
427.69,523.29,1,1,56.45,13.88,2.58,urban,night,1
193.91,1400.81,3,0,59.47,33.71,3.18,long_haul,day,1
445.35,1099.78,5,0,81.45,30.66,6.36,urban,night,1
245.73,1060.62,2,0,75.18,21.9,6.44,long_haul,night,1
226.54,1048.64,4,1,86.6,29.17,0.0,mixed,night,1
436.29,785.1,4,0,21.37,32.01,11.05,mixed,day,1
304.66,879.02,4,0,65.07,20.75,6.59,long_haul,day,1
341.79,325.93,2,1,73.89,28.07,7.09,mixed,day,0
302.1,50.0,2,0,29.47,14.92,4.57,urban,night,1
350.49,860.03,3,1,46.9,65.19,0.0,long_haul,day,1
363.74,929.6,5,1,43.19,45.89,7.02,long_haul,day,0
10.0,1283.71,5,0,60.43,34.1,3.3,long_haul,day,0
399.99,1428.53,3,0,92.56,47.58,6.63,mixed,day,1
152.7,1428.0,5,0,100.45,0.31,4.34,mixed,night,1
83.66,400.79,3,0,43.71,0.0,5.71,mixed,night,1
291.24,659.09,2,0,70.53,24.01,2.68,urban,night,0
312.6,992.13,1,0,71.18,9.32,7.59,mixed,day,0
195.97,1812.76,4,0,67.75,26.45,1.43,mixed,day,1
424.65,1392.04,4,1,67.98,33.08,11.74,mixed,night,0
98.67,1247.76,5,0,66.07,43.81,11.71,urban,day,0
238.96,644.88,4,1,93.75,12.93,9.9,mixed,night,0
212.27,446.72,1,1,82.05,35.99,8.83,mixed,day,1
293.01,1115.56,3,0,38.8,30.22,4.75,mixed,day,1
341.83,359.74,4,1,75.91,35.21,8.5,long_haul,day,0
148.82,704.63,3,0,77.85,22.2,4.71,mixed,night,1
408.64,754.09,3,1,66.3,50.75,0.34,urban,day,1
309.45,1437.16,5,0,82.63,28.45,9.51,urban,night,1
16.21,658.12,4,1,63.76,56.61,8.39,mixed,day,1
10.0,50.0,4,1,64.01,18.14,4.91,mixed,day,0
298.15,1001.78,3,1,62.42,41.14,1.32,long_haul,night,1
266.85,520.39,2,0,19.64,29.1,3.24,urban,day,1
284.49,817.05,3,1,58.39,25.08,0.0,urban,day,1
295.8,765.32,5,1,46.63,39.48,7.84,urban,night,1
333.83,690.52,4,1,36.27,25.51,0.19,mixed,night,1
442.15,1116.14,4,1,88.68,0.0,5.86,long_haul,day,1
133.33,186.85,1,0,70.08,0.0,2.47,long_haul,night,0
124.2,593.19,5,0,59.4,49.09,0.72,mixed,day,0
136.0,1073.62,2,1,48.7,48.45,5.72,long_haul,day,1
343.34,554.37,5,1,65.92,58.31,4.0,urban,day,0
486.74,156.48,3,1,79.83,29.74,7.51,mixed,day,1
235.3,1067.42,5,1,43.46,10.61,1.2,long_haul,day,1
10.0,1249.24,5,1,59.9,23.71,2.73,urban,day,0
44.4,782.0,4,1,77.36,30.17,0.0,long_haul,night,0
175.04,50.0,5,0,21.28,14.89,0.0,urban,day,1
216.34,1082.39,4,0,58.85,54.73,10.39,urban,day,1
238.74,136.04,5,0,51.41,63.59,11.25,mixed,night,1
305.79,923.52,1,1,57.32,37.17,5.28,long_haul,night,0
253.24,445.01,1,1,49.97,29.84,2.53,urban,day,0
457.4,336.06,3,1,62.75,10.58,4.1,long_haul,night,0
198.6,623.24,5,0,98.47,53.2,7.62,urban,night,1
170.65,726.68,4,1,53.52,31.14,3.46,mixed,day,0
371.83,542.32,3,1,65.83,25.66,5.71,mixed,day,1
69.65,1035.48,3,1,99.89,37.22,4.96,urban,day,1
358.45,621.57,4,0,49.0,21.21,3.29,mixed,night,1
315.38,1192.08,5,0,96.29,32.2,3.42,mixed,day,0
277.88,912.47,5,0,60.11,8.36,5.88,mixed,day,1
538.24,520.98,1,1,95.64,46.31,2.07,urban,night,1
206.67,453.62,3,1,75.0,28.43,6.36,urban,day,1
609.04,141.0,2,1,66.14,47.38,3.59,long_haul,day,0
266.19,916.29,4,0,58.69,26.98,5.38,mixed,night,1
108.45,658.16,3,0,47.52,27.96,9.15,long_haul,night,1
310.49,50.0,5,1,61.52,11.82,4.5,mixed,night,1
138.56,585.71,3,0,77.95,41.4,7.76,long_haul,day,1
187.24,439.59,4,1,59.74,16.86,0.0,urban,day,0
359.55,1430.27,1,0,53.67,22.7,3.59,mixed,day,0
383.34,118.89,5,1,54.98,30.02,5.08,mixed,day,1
206.67,223.46,1,1,79.85,31.82,10.77,urban,day,1
448.11,1243.99,2,1,84.5,4.41,0.0,urban,night,1
473.63,1342.71,5,0,46.66,26.54,4.71,mixed,night,1
515.45,502.01,5,1,46.63,41.93,9.37,long_haul,day,1
379.41,547.17,3,1,67.59,24.32,2.64,mixed,day,1
504.51,1046.49,3,1,90.55,26.63,4.36,urban,day,1
17.88,50.0,1,0,82.92,32.44,6.0,long_haul,day,0
252.31,55.52,5,1,34.96,28.11,5.55,urban,night,0
169.95,687.71,1,0,54.72,14.54,9.7,urban,day,0
317.88,1419.96,1,0,41.39,29.45,6.35,long_haul,night,1
214.28,625.71,3,1,54.65,44.91,8.98,long_haul,day,0
275.08,840.37,1,1,92.09,14.23,3.92,long_haul,day,0
582.33,1253.52,1,0,31.55,24.38,2.78,long_haul,night,0
274.54,1642.75,4,0,27.62,9.28,4.32,mixed,day,1
362.07,569.26,4,1,43.43,44.12,1.52,urban,day,1
265.16,793.27,2,1,65.75,28.61,6.45,urban,night,0
311.36,1528.82,4,0,72.42,17.25,3.84,long_haul,day,1
300.9,191.12,4,1,68.75,31.38,2.98,long_haul,day,0
367.25,1211.03,2,1,83.51,11.95,6.5,urban,day,1
474.8,392.67,4,1,24.74,14.5,1.57,urban,day,1
547.11,840.99,3,0,83.77,8.1,7.31,urban,day,1
346.44,702.95,5,1,53.76,14.0,3.56,urban,day,1
388.43,416.8,1,1,74.63,50.36,8.48,long_haul,night,0
127.37,406.76,2,1,33.53,19.0,3.82,urban,night,0
286.82,910.57,2,1,60.1,36.99,6.9,mixed,day,0
441.04,1198.22,2,0,64.73,17.46,5.54,long_haul,day,1
429.9,748.11,5,0,83.12,41.39,7.23,mixed,day,0
331.74,828.05,4,0,28.29,14.61,5.33,mixed,day,1
432.96,1028.47,3,0,60.62,30.59,0.01,urban,day,1
373.62,411.35,3,0,38.3,30.79,8.03,urban,night,1
480.05,1095.88,5,0,70.11,64.92,4.74,urban,day,1
343.4,1127.74,3,1,75.54,39.46,7.37,urban,day,1
246.65,1841.45,2,1,85.74,21.11,7.07,urban,night,0
350.38,649.56,1,1,49.3,40.28,2.68,urban,night,0
10.0,616.77,2,1,78.54,62.07,2.26,urban,day,1
357.43,1107.59,4,0,87.22,5.56,6.97,urban,day,1
10.0,1127.64,3,0,27.14,17.36,4.09,long_haul,night,1
41.48,585.97,3,0,72.25,26.45,7.81,urban,day,1
367.77,638.73,3,0,79.17,23.74,4.47,urban,night,1
371.63,1016.45,5,0,54.83,25.01,8.07,long_haul,night,1
125.64,468.97,5,1,35.78,10.44,6.27,urban,day,0
193.18,635.79,1,1,78.86,51.06,5.86,mixed,day,1
505.58,835.84,1,1,36.01,8.66,3.88,long_haul,day,0
227.4,1198.38,2,0,56.43,27.0,5.7,mixed,day,1
636.44,558.16,5,1,59.2,45.69,8.58,urban,day,0
299.71,63.05,3,1,74.31,29.55,4.84,mixed,night,1
361.21,50.0,5,0,47.47,15.31,6.59,mixed,night,1
542.53,296.23,4,0,46.31,9.77,5.14,urban,night,1
319.65,274.73,3,1,61.98,26.55,5.37,urban,night,0
149.65,738.16,2,0,80.13,18.64,10.17,urban,night,0
283.54,324.45,2,1,105.75,33.08,8.61,long_haul,day,1
294.66,518.9,1,0,29.85,8.98,5.24,urban,day,0
95.29,490.37,3,0,66.31,42.2,5.64,urban,night,1
261.63,623.8,2,1,38.27,31.73,2.89,mixed,day,0
188.67,1329.0,2,0,80.38,32.85,4.48,long_haul,day,1
438.65,1064.78,1,0,41.23,51.62,5.93,urban,day,0
305.19,806.45,4,0,46.51,23.43,7.55,urban,day,1
257.58,615.59,5,0,48.21,19.11,7.25,mixed,day,1
284.07,626.71,3,1,58.48,21.78,1.67,mixed,night,1
333.47,931.1,3,0,66.46,27.11,7.93,mixed,day,0
392.52,1033.67,5,0,69.67,28.64,4.73,long_haul,day,1
150.04,436.95,3,1,59.88,17.54,2.04,urban,day,1
143.76,814.59,4,1,33.4,0.0,9.01,urban,day,1
465.7,50.0,3,0,74.56,21.59,9.39,urban,day,0
238.15,884.69,3,1,58.94,35.4,5.79,urban,day,0
87.47,1104.86,3,0,83.23,32.04,7.13,mixed,day,1
366.57,687.97,4,1,45.85,47.99,7.3,long_haul,night,1
369.51,1526.61,4,1,27.95,59.33,9.19,urban,day,0
70.39,447.5,3,1,59.32,41.39,7.18,mixed,night,1
334.42,886.98,1,0,85.92,50.74,1.02,urban,night,1
410.34,785.67,5,0,63.22,41.5,11.03,mixed,day,1
356.16,759.88,5,1,56.01,55.65,8.2,urban,day,0
394.8,754.27,1,1,42.59,57.76,3.47,mixed,day,1
89.36,842.84,2,0,95.16,44.27,1.91,urban,night,1
349.66,1139.18,5,0,39.41,40.6,6.51,long_haul,night,1
254.61,1351.09,2,0,45.49,26.92,4.17,long_haul,night,1
227.58,799.1,5,1,71.4,29.38,5.99,long_haul,night,1
430.58,1126.13,4,0,22.88,24.93,7.23,long_haul,day,1
521.89,519.29,5,1,85.49,39.32,3.3,urban,night,1
569.16,1106.38,1,1,72.48,19.19,1.65,mixed,day,0
497.22,495.2,3,1,77.98,27.13,6.16,urban,night,1
283.54,1236.26,3,0,71.16,0.0,3.4,long_haul,day,0
352.91,1684.26,5,1,56.78,55.85,5.44,urban,night,1
415.02,751.17,2,1,38.74,26.69,0.97,urban,day,1
318.18,50.0,2,0,57.2,36.83,4.24,mixed,day,1
319.61,580.77,1,1,40.5,51.87,7.14,urban,day,1
423.56,1292.75,4,1,69.72,34.5,6.82,mixed,night,1
291.11,1021.23,5,1,76.14,51.67,2.63,urban,day,1
190.61,899.57,1,1,89.54,11.37,1.5,mixed,day,0
237.83,1203.47,2,0,67.44,65.96,5.05,long_haul,day,1
395.09,993.78,2,1,78.49,46.31,6.68,mixed,day,0
300.45,1287.09,5,1,54.06,33.14,6.22,urban,night,1
351.03,1167.77,3,0,50.43,51.38,3.46,urban,night,1
400.51,1408.68,2,1,69.47,12.47,5.89,urban,night,1
243.77,943.52,2,0,52.27,25.67,9.51,urban,night,1
413.44,1162.1,3,1,65.38,51.66,5.62,mixed,day,1
356.83,677.15,2,1,38.78,1.99,0.1,urban,day,1
114.78,559.42,1,0,42.37,38.41,5.61,urban,day,1
516.35,1482.71,5,0,72.71,37.98,11.13,urban,night,1
224.89,886.48,3,0,77.73,59.54,1.14,long_haul,day,1
51.74,1121.95,2,1,40.29,6.26,5.09,urban,night,1
143.24,849.5,4,0,73.41,54.14,4.32,urban,day,1
146.84,565.39,4,1,49.35,21.61,5.29,mixed,day,0
307.83,804.39,1,0,60.33,23.29,5.58,urban,day,1
258.92,1374.4,1,1,88.34,11.67,8.42,long_haul,night,0
249.48,1022.1,1,1,76.15,13.68,5.25,urban,night,0
392.96,115.41,4,0,75.92,36.05,8.83,mixed,day,0
350.98,713.9,4,1,98.18,13.32,4.65,mixed,night,1
347.41,1512.92,4,1,45.92,41.1,3.95,long_haul,night,1
361.47,714.48,4,0,40.28,20.06,2.99,mixed,day,0
392.42,79.81,3,0,45.56,11.8,0.0,long_haul,night,1
10.0,1557.22,3,1,54.91,22.08,5.83,mixed,day,0
245.33,1072.96,4,0,12.91,35.05,11.16,mixed,day,1
10.0,771.99,2,0,55.85,25.84,6.37,mixed,day,0
305.41,651.43,5,1,49.11,30.51,7.06,mixed,day,1
299.31,1232.94,5,1,75.68,40.44,3.76,mixed,day,1
456.83,583.21,5,0,67.05,46.24,4.27,urban,day,1
478.15,1259.3,5,0,47.99,25.35,7.95,urban,day,1
330.42,1016.88,2,0,71.8,14.34,11.03,urban,night,0
224.95,897.87,1,1,74.47,31.14,9.46,urban,night,0
372.77,858.21,3,0,44.63,37.06,7.42,mixed,day,1
220.81,730.01,4,1,50.14,8.09,5.11,urban,day,1
299.79,1218.26,4,1,15.49,16.64,5.63,mixed,day,0
447.92,453.86,2,1,38.19,19.21,2.74,mixed,night,1
216.33,151.23,2,1,45.15,26.88,0.66,mixed,night,0
420.85,1045.78,3,1,61.48,18.58,1.62,mixed,day,0
401.61,1052.5,5,0,41.09,40.61,5.15,urban,night,1
156.78,992.1,1,0,49.73,5.92,4.12,urban,day,0
446.08,963.09,2,0,35.49,6.3,0.59,mixed,night,1
404.78,671.78,2,1,63.42,24.99,4.89,long_haul,day,0
315.29,1114.99,5,1,68.51,27.37,4.04,mixed,day,1
185.65,781.78,3,0,68.05,8.18,1.48,mixed,day,1
171.12,605.15,1,0,60.25,20.9,3.89,mixed,day,1
219.35,675.24,2,1,29.18,23.98,4.04,mixed,day,0
381.39,1608.26,1,1,47.6,24.1,3.15,mixed,day,1
156.66,106.01,3,0,51.85,32.28,7.78,mixed,day,0
365.63,999.92,5,1,51.93,20.08,0.0,urban,night,1
113.74,128.36,3,1,61.5,52.17,0.0,urban,night,1
269.39,756.71,5,1,88.51,37.32,5.01,urban,day,1
316.45,626.55,4,0,76.24,17.89,5.29,mixed,night,1
666.77,50.0,5,1,40.25,31.42,6.21,long_haul,day,0
93.4,955.62,2,1,73.57,31.86,3.38,urban,night,1
520.8,647.98,5,1,72.81,48.22,2.25,urban,day,1
322.48,50.0,2,0,43.88,20.99,4.98,long_haul,night,1
361.68,1135.83,3,1,76.98,41.51,3.68,urban,night,1
317.75,1374.0,4,1,56.79,30.63,9.65,long_haul,night,1
366.71,1396.05,2,0,31.8,52.37,4.03,urban,night,1
276.95,943.58,2,1,69.1,49.36,4.84,urban,day,1
518.11,818.42,1,0,64.34,32.95,12.43,mixed,night,1
231.53,1331.26,1,1,55.45,26.07,4.42,urban,day,1
469.84,1472.95,3,1,59.25,37.6,6.67,urban,day,1
203.34,1253.43,5,1,45.62,27.29,6.94,urban,night,0
290.96,423.38,2,0,72.2,55.2,7.19,urban,day,1
139.21,880.54,3,0,59.13,31.18,5.87,urban,day,1
368.25,975.81,5,1,63.33,23.92,5.58,long_haul,night,0
516.77,76.15,4,0,67.14,23.11,5.3,urban,day,0
288.4,987.74,1,1,36.91,11.8,3.27,urban,day,0
270.47,1709.2,3,1,42.11,38.35,5.98,urban,day,0
132.81,1055.97,1,1,15.8,17.7,11.09,long_haul,night,0
265.61,1389.37,2,1,71.29,46.47,8.63,long_haul,night,0
61.08,873.17,2,0,35.76,10.61,5.91,long_haul,day,0
163.07,770.71,4,1,62.65,31.91,7.57,long_haul,night,1
334.02,952.51,1,0,67.42,47.25,2.39,urban,day,1
497.85,473.67,2,1,72.05,0.0,4.22,mixed,night,1
721.38,414.49,2,1,35.92,60.27,7.84,urban,night,1
212.01,1306.52,2,1,58.7,23.62,9.46,long_haul,night,0
515.3,1348.94,4,0,93.41,32.12,2.69,mixed,day,1
336.56,403.56,2,1,94.29,38.57,3.55,urban,day,1
277.31,1187.2,2,1,79.75,40.89,11.54,long_haul,day,1
364.89,765.22,3,1,66.75,34.11,5.29,long_haul,day,1
309.29,935.92,4,1,39.9,44.96,10.47,long_haul,day,0
316.56,984.09,1,1,74.37,37.79,5.62,urban,day,1
238.75,1197.74,5,1,56.84,56.41,5.74,urban,day,1
90.28,833.09,5,1,71.21,37.83,4.08,urban,night,1
68.46,1364.06,4,1,47.34,59.47,7.83,mixed,day,1
397.99,923.77,3,1,56.54,43.52,9.07,mixed,day,0
258.49,1049.67,4,0,63.28,2.91,1.89,urban,night,1
210.59,466.69,3,0,64.93,69.17,3.94,long_haul,day,1
301.28,1663.46,2,0,69.87,21.38,7.75,urban,day,0
419.24,987.93,2,1,48.42,52.43,4.61,mixed,day,1
327.05,1085.2,1,1,33.13,30.4,3.52,long_haul,day,0
201.59,156.73,5,0,92.5,45.92,8.03,mixed,day,0
483.94,470.92,2,0,109.79,19.67,8.31,urban,night,1
536.88,1295.15,2,1,68.95,39.39,3.65,urban,day,1
374.18,914.76,5,0,33.52,26.2,5.64,urban,day,0
446.05,50.0,3,0,44.54,53.69,1.37,mixed,day,1
486.29,1215.32,4,0,70.18,36.58,2.31,mixed,day,0
469.51,582.49,2,1,86.82,44.04,5.37,urban,day,1
392.11,1364.53,2,0,35.74,0.0,5.09,long_haul,night,1
389.75,764.87,4,0,57.51,28.72,2.1,mixed,day,1
377.95,881.88,3,1,63.92,36.16,2.85,long_haul,day,1
135.4,1271.58,1,0,77.29,33.35,1.8,mixed,day,0
405.11,441.0,5,0,53.13,44.42,6.37,long_haul,night,1
96.63,402.86,3,1,28.72,24.51,0.0,urban,night,0
180.81,721.4,4,1,72.42,30.73,1.97,urban,day,1
495.53,1130.87,2,0,82.5,47.72,0.0,long_haul,night,0
426.03,267.65,3,0,58.35,0.0,6.26,long_haul,day,1
523.11,132.79,4,0,68.1,38.84,0.0,mixed,night,1
259.25,1129.49,5,1,50.51,24.99,5.1,urban,day,0
127.16,558.81,2,1,43.08,16.32,9.92,urban,night,1
263.93,643.11,4,0,80.53,35.05,10.02,long_haul,night,1
315.3,57.28,5,1,67.75,48.41,0.0,long_haul,night,1
311.85,528.41,4,1,69.81,45.59,5.9,urban,day,1
470.05,796.97,1,0,90.04,27.97,2.03,urban,night,1
245.81,1172.15,1,0,38.9,43.14,1.42,mixed,night,1
352.81,491.51,2,1,48.96,43.02,4.66,mixed,day,1
151.71,1462.95,1,1,63.16,28.69,8.68,mixed,day,0
367.55,526.18,4,1,48.71,19.6,6.8,mixed,day,1
300.47,526.76,5,0,75.66,20.47,2.85,long_haul,day,1
187.53,1414.94,3,0,56.25,42.57,7.12,urban,night,1
264.63,884.58,3,0,40.15,29.37,0.0,mixed,day,0
272.37,579.19,4,0,61.32,14.31,2.74,mixed,night,0
259.48,737.95,3,0,63.41,4.73,2.53,mixed,night,0
565.7,1341.23,3,0,78.69,42.48,5.23,long_haul,night,1
285.23,1386.48,3,1,67.86,21.8,4.39,mixed,night,1
263.42,473.28,2,1,69.22,34.96,4.58,mixed,night,0
10.0,783.03,1,1,66.41,48.6,4.48,urban,day,1
165.87,836.06,3,1,56.24,10.37,5.07,mixed,day,0
260.54,405.5,5,0,45.68,29.32,6.62,urban,night,1
197.12,777.73,1,1,65.78,27.44,5.45,urban,night,1
507.26,802.13,2,0,53.34,35.7,4.15,mixed,day,1
275.26,1256.08,2,1,93.8,48.59,6.21,mixed,night,1
493.27,1282.97,5,1,86.84,10.06,7.48,long_haul,night,0
309.26,668.32,3,0,72.66,38.55,3.33,mixed,day,1
305.58,714.42,3,1,67.57,45.47,4.82,long_haul,night,1
286.68,1065.72,4,1,58.24,27.2,8.49,urban,night,1
300.57,565.92,2,0,34.78,27.94,1.69,mixed,day,1
557.82,1035.46,4,0,55.68,36.28,10.41,long_haul,day,0
10.0,764.84,1,1,62.03,35.17,0.98,mixed,day,0
10.0,412.24,1,0,64.59,38.74,3.96,long_haul,night,1
218.52,417.27,5,1,69.39,38.42,2.15,mixed,day,1
302.18,1378.82,4,0,78.43,15.27,11.56,urban,night,1
403.52,737.43,1,1,46.16,44.85,3.49,mixed,night,0
370.96,1456.14,3,0,46.34,47.5,3.5,urban,night,1
242.36,594.55,1,0,89.02,32.79,3.89,urban,day,1
452.86,916.48,4,1,75.42,7.59,5.29,urban,day,0
454.53,1757.07,4,0,52.18,28.28,4.01,urban,day,1
327.61,377.05,2,1,57.86,32.92,4.6,urban,day,1
444.4,50.0,2,0,57.95,12.83,0.0,long_haul,day,1
340.9,1314.64,2,0,60.63,24.6,5.17,urban,day,1
215.78,469.28,2,1,69.45,8.86,5.05,long_haul,day,0
404.67,791.72,2,0,110.7,39.11,8.12,mixed,day,1
316.59,565.63,2,0,63.8,32.49,8.93,urban,day,1
300.2,907.27,3,1,73.25,5.31,4.44,urban,day,1
520.94,419.79,5,1,26.27,35.27,7.45,long_haul,night,1
10.0,728.02,4,1,50.3,29.15,1.7,mixed,day,1
87.35,979.93,2,1,84.58,37.75,7.3,long_haul,night,0
121.94,396.68,5,1,68.05,24.13,3.28,urban,night,1
245.51,519.97,2,1,10.0,17.98,1.45,mixed,day,0
261.81,661.05,5,1,73.48,18.44,4.44,long_haul,night,1
73.9,228.47,2,0,98.36,21.93,9.2,long_haul,night,1
152.23,630.98,3,1,20.08,30.28,5.54,urban,night,1
170.87,847.52,2,0,90.39,32.22,9.49,long_haul,day,1
668.61,640.18,4,1,10.0,27.14,2.75,urban,day,1
570.26,691.45,2,0,78.76,23.65,8.14,long_haul,day,0
238.24,792.04,5,1,59.83,24.73,3.04,mixed,night,0
245.46,537.7,1,1,13.0,67.62,5.68,mixed,day,1
127.62,1076.43,3,1,68.92,18.44,5.65,urban,day,1
13.78,1374.39,1,1,83.02,21.63,6.98,long_haul,day,1
282.47,614.25,5,0,67.28,79.41,5.75,urban,day,1
150.32,994.08,3,0,71.7,36.32,2.78,mixed,day,0
287.27,704.15,4,0,51.77,9.3,7.64,mixed,day,0
59.97,946.19,5,1,22.77,42.64,10.19,mixed,night,0
185.7,1426.31,3,1,73.84,16.35,3.25,mixed,day,0
322.29,1003.46,1,0,95.0,43.64,0.0,mixed,day,1
354.93,90.63,2,0,82.59,26.84,6.5,mixed,day,1
362.62,981.6,2,0,20.24,23.4,4.01,mixed,day,1
101.93,1293.15,5,1,29.7,54.14,4.61,mixed,night,1
428.2,711.36,5,0,43.08,38.5,6.67,mixed,day,1
179.97,1198.25,3,1,28.14,44.59,3.63,long_haul,night,1
394.93,523.95,5,1,60.88,36.52,4.19,mixed,night,1
298.4,205.78,2,0,67.87,23.33,4.7,urban,night,1
93.54,856.47,4,0,31.39,39.17,9.41,mixed,night,0
252.57,97.41,2,1,75.54,48.14,5.09,urban,day,1
354.8,704.09,2,0,72.02,32.02,1.29,urban,day,1
391.94,1314.74,2,1,49.04,57.02,1.41,long_haul,day,1
278.85,50.0,3,1,56.55,42.76,5.42,mixed,night,1
529.77,288.2,2,1,21.0,33.18,1.61,mixed,day,1
451.13,387.19,2,1,53.35,33.77,0.31,long_haul,day,0
261.5,774.67,2,1,60.15,32.06,6.91,urban,day,1
412.52,653.71,1,0,63.37,11.23,7.05,urban,night,1
590.07,1359.65,5,0,67.58,28.65,3.9,urban,night,1
594.07,1181.74,2,0,64.88,33.32,5.88,urban,day,1
115.8,998.11,1,1,54.71,23.76,5.56,mixed,day,1
161.02,858.25,3,1,65.72,35.07,6.81,long_haul,day,1
522.74,957.29,5,0,80.04,30.32,6.81,mixed,night,1
141.26,455.21,2,0,58.09,41.61,0.0,urban,day,1
101.62,1142.88,5,1,66.35,39.95,4.28,mixed,day,0
227.07,355.18,4,0,56.28,32.51,6.55,urban,night,0
363.03,1134.15,4,1,47.06,9.49,3.77,mixed,day,1
284.64,1274.46,2,1,70.46,56.86,5.11,mixed,night,1
202.42,884.35,1,0,48.9,27.87,7.25,urban,day,1
198.87,729.51,2,0,67.72,28.79,5.24,long_haul,night,1
193.15,960.12,5,0,60.57,24.86,9.52,long_haul,day,0
168.07,50.0,4,1,53.92,22.67,8.38,urban,day,1
642.24,920.9,4,0,53.44,53.16,4.64,mixed,night,1
344.63,754.66,5,0,49.84,50.79,4.41,mixed,day,0
433.01,779.75,2,1,27.08,36.67,0.0,urban,night,1
226.64,1082.61,2,0,67.66,28.39,4.02,urban,day,0
272.11,770.09,5,1,64.63,39.29,0.94,mixed,day,0
192.97,343.92,3,0,76.99,31.11,5.66,long_haul,day,0
10.0,743.44,2,0,49.37,27.15,5.46,mixed,day,1
93.3,827.02,2,0,97.91,35.07,7.09,mixed,night,1
28.41,845.97,5,0,52.41,23.38,9.19,mixed,day,1
10.0,864.77,1,0,42.5,33.78,4.92,mixed,day,1
120.7,1215.75,1,1,40.13,33.06,11.84,urban,day,0
498.74,365.59,4,0,25.32,39.04,5.7,urban,day,1
293.33,870.28,1,1,90.65,20.71,1.07,long_haul,day,0
493.58,1315.97,1,1,87.42,40.65,3.31,long_haul,night,1
361.65,106.16,5,1,72.01,16.41,3.88,long_haul,day,1
417.38,871.86,3,1,42.08,21.41,6.78,urban,day,1
164.87,565.85,4,0,96.23,22.07,2.16,mixed,day,1
378.59,651.72,3,0,52.97,13.92,4.11,mixed,day,0
409.31,438.08,1,1,54.62,45.23,4.52,urban,day,1
213.5,732.18,1,1,88.75,15.46,3.66,urban,night,1
383.93,1536.5,4,0,73.18,19.52,7.43,long_haul,night,1
384.93,294.23,1,1,104.02,48.83,6.92,mixed,night,1
217.57,332.16,3,1,64.97,21.44,8.5,mixed,day,0
131.58,279.23,2,1,52.06,27.18,4.01,urban,night,1
122.38,1490.97,2,0,47.76,14.82,8.61,mixed,night,0
312.98,615.06,5,0,23.06,42.49,0.91,urban,night,1
349.05,789.74,4,0,54.43,42.7,0.83,urban,night,1
181.12,638.89,4,0,82.89,41.08,1.36,mixed,day,1
303.99,422.23,2,0,71.98,38.06,5.03,urban,night,1
385.58,705.94,2,0,60.41,31.1,8.61,long_haul,night,1
392.73,1783.3,4,0,40.1,22.13,3.19,mixed,night,0
532.78,1356.83,1,0,64.54,17.78,3.57,urban,night,1
491.55,458.82,2,0,80.26,49.35,4.35,urban,night,1
149.81,1059.03,4,0,68.61,41.47,6.72,mixed,day,1
552.54,467.39,4,0,63.33,19.6,3.57,urban,night,1
220.35,89.45,1,1,44.06,30.6,3.4,urban,night,0
456.73,1207.8,4,1,77.34,25.5,0.96,mixed,night,0
310.2,1264.04,3,1,10.0,13.08,3.28,urban,night,1
238.18,1218.42,2,1,67.66,32.66,8.53,mixed,day,1
28.85,612.05,4,0,111.41,23.77,5.27,mixed,day,1
274.27,733.29,5,1,29.83,15.71,2.78,urban,day,0
66.09,1099.91,3,0,55.17,7.81,8.71,long_haul,night,0
445.09,956.6,2,1,59.84,6.54,3.24,mixed,night,1
527.52,642.55,2,0,50.75,24.43,9.26,mixed,night,0
180.46,152.37,3,0,80.73,28.72,9.21,urban,night,0
345.3,845.55,1,0,69.45,16.87,5.17,mixed,day,1
191.19,1231.6,3,0,63.05,39.76,0.5,urban,day,1
205.73,320.96,1,1,75.95,29.02,11.87,mixed,night,1
416.17,1055.5,1,1,60.34,38.65,6.16,urban,night,0
294.22,932.62,3,0,123.6,27.26,4.03,long_haul,night,1
560.95,1100.06,4,0,63.03,18.19,7.87,urban,night,1
227.67,1148.79,5,1,63.91,31.71,7.11,long_haul,night,1
449.9,522.21,1,1,25.79,11.06,8.93,long_haul,day,0
314.61,153.22,2,1,49.13,38.09,3.01,mixed,night,1
419.37,586.59,3,1,82.95,15.94,5.96,urban,day,0
232.93,1155.65,3,1,33.29,43.77,1.44,urban,day,1
292.57,583.2,5,1,16.85,24.92,7.0,long_haul,day,0
282.68,522.38,4,1,60.65,45.94,4.93,mixed,day,0
174.59,71.46,3,0,87.41,13.16,5.84,mixed,day,1
399.31,1501.06,1,1,60.85,19.83,4.56,urban,night,1
397.54,1130.29,1,0,53.28,35.71,4.25,long_haul,day,0
389.03,1107.96,1,0,22.83,47.56,2.4,urban,day,1
530.54,1187.09,4,1,69.05,55.0,7.37,urban,day,0
517.4,1030.68,2,0,73.23,30.62,9.47,urban,day,1
243.76,702.27,2,1,24.37,57.57,3.33,mixed,night,1
355.96,734.49,4,1,82.69,25.66,6.66,long_haul,day,0
206.46,628.97,5,0,75.31,46.48,6.3,long_haul,day,1
303.5,1853.9,3,0,82.65,15.87,5.02,urban,night,1
210.04,1022.36,5,1,71.67,36.3,0.42,urban,night,1
543.01,614.48,4,1,73.07,0.0,1.1,long_haul,night,1
354.55,986.2,4,1,70.41,13.18,2.66,mixed,night,1
267.3,395.65,5,0,77.37,37.0,0.0,urban,day,1
479.04,1401.8,1,1,23.62,10.31,9.22,urban,night,0
10.0,535.57,4,0,29.98,36.4,6.1,mixed,day,1
10.0,1000.43,5,0,45.28,43.6,4.91,long_haul,day,1
419.38,1226.39,5,0,57.4,22.48,0.0,mixed,day,1
309.07,953.91,3,0,67.76,15.47,0.0,urban,night,1
337.57,837.79,4,1,66.49,22.89,4.99,mixed,day,1
101.04,804.32,5,1,82.34,15.51,10.91,urban,day,0
296.51,777.42,5,0,82.97,28.48,2.9,long_haul,day,1
600.53,569.32,5,1,42.55,31.53,7.59,urban,night,1
423.63,620.21,5,0,64.77,25.41,3.56,urban,day,1
325.46,1391.84,2,1,43.04,55.12,5.17,mixed,day,1
234.14,756.59,4,0,56.24,19.21,8.64,urban,day,1
240.81,485.68,3,0,66.44,50.87,3.96,urban,night,1
10.0,593.48,5,1,10.0,14.38,2.93,mixed,day,1
338.65,1240.15,5,1,108.22,31.09,9.25,long_haul,night,1
426.82,1070.24,5,1,71.33,47.75,5.14,long_haul,day,1
63.66,1024.13,3,1,48.09,46.97,8.27,urban,day,1
200.79,696.99,3,0,98.55,23.7,2.94,urban,day,1
126.38,1029.34,1,0,53.05,38.33,9.22,mixed,day,0
155.2,542.58,4,1,62.65,36.32,5.82,mixed,day,0
308.02,696.15,3,1,50.26,21.9,6.3,urban,day,0
10.0,1187.92,3,0,93.04,39.24,5.39,long_haul,night,0
392.14,1149.71,4,0,57.9,57.94,3.48,long_haul,day,1
413.08,407.24,5,1,62.99,37.08,4.99,urban,day,1
262.33,457.79,1,0,84.08,38.5,3.67,long_haul,day,1
10.0,843.48,3,0,71.7,40.08,7.88,mixed,day,1
150.54,1490.45,4,1,58.91,8.09,4.39,urban,day,1
484.94,50.0,5,0,82.21,36.9,0.51,mixed,day,1
10.0,911.33,4,0,110.77,14.75,0.0,urban,day,1
247.87,249.58,4,1,66.35,21.15,0.0,urban,day,1
123.0,546.27,5,0,62.34,62.43,6.85,long_haul,night,1
420.69,654.23,5,1,63.41,26.2,1.55,mixed,night,0
198.73,631.8,4,1,86.21,18.9,5.9,urban,night,1
360.59,586.48,2,0,48.02,47.29,5.41,mixed,day,0
384.82,802.88,3,1,54.43,15.78,4.81,long_haul,night,1
575.43,585.9,4,1,29.25,23.29,6.32,mixed,day,1
269.56,215.02,1,0,36.32,48.74,5.47,long_haul,day,1
356.41,1111.95,4,1,49.64,30.64,0.0,long_haul,night,1
77.24,1101.15,3,0,58.88,6.58,4.03,urban,day,1
478.56,1137.27,5,0,95.38,38.16,6.28,mixed,day,1
185.92,183.71,2,1,70.72,24.05,9.92,mixed,night,0
215.89,919.57,5,1,41.76,53.1,10.06,long_haul,night,0
296.66,1070.39,3,1,45.44,20.91,0.91,urban,day,0
65.57,387.52,3,1,87.49,45.77,3.95,urban,day,1
334.32,803.67,4,1,82.53,56.64,0.3,urban,day,1
445.12,753.49,3,0,60.56,17.24,9.56,mixed,night,1
343.94,1536.86,5,0,51.15,27.1,8.04,long_haul,day,1
61.67,1569.8,1,1,82.5,35.83,6.05,long_haul,day,1
281.43,134.26,4,1,40.13,17.14,5.5,mixed,day,0
411.3,1797.57,5,0,67.84,34.05,9.14,urban,night,1
18.3,433.91,2,0,105.45,26.63,8.63,urban,night,1
138.79,1192.27,2,1,64.11,26.32,8.47,long_haul,day,1
431.48,1188.2,3,0,44.49,30.73,6.37,mixed,night,1
340.51,401.72,4,0,68.21,31.07,3.95,long_haul,day,1
361.8,997.31,5,1,50.6,32.46,7.3,urban,night,1
578.92,756.99,4,0,32.12,21.02,7.45,mixed,day,1
370.28,1021.73,4,1,74.02,21.67,4.43,long_haul,day,1
398.68,892.27,3,1,82.36,28.22,3.95,urban,day,0
706.61,1278.54,4,1,53.78,29.33,8.4,urban,night,1
267.93,830.16,2,1,52.46,23.42,9.99,mixed,night,0
180.32,732.85,3,1,40.77,34.86,2.75,mixed,day,1
364.17,1238.43,1,1,57.0,2.78,4.21,long_haul,day,0
365.85,1032.16,1,0,48.75,19.04,6.05,long_haul,day,1
220.99,1092.73,5,1,39.78,25.8,6.46,mixed,day,0
145.14,534.17,5,1,97.84,17.16,3.43,urban,day,1
646.48,381.89,3,0,69.33,54.44,10.65,mixed,day,1
349.03,572.91,1,0,71.45,30.28,6.27,long_haul,night,1
190.16,551.67,1,0,77.67,32.65,6.59,mixed,night,1
437.39,1114.48,1,0,75.42,22.75,10.28,long_haul,night,0
283.63,1190.39,4,0,51.74,29.76,3.65,mixed,day,1
262.07,737.95,2,1,65.45,11.77,4.73,urban,day,0
384.34,1372.37,2,0,54.62,27.45,1.24,mixed,day,1
106.22,1347.39,5,0,68.77,15.94,4.48,mixed,day,0
352.89,897.36,5,0,66.83,25.84,0.53,urban,night,1
586.94,471.24,4,0,52.35,0.0,7.24,urban,night,1
369.93,1430.15,2,1,33.41,13.08,6.26,mixed,day,1
243.57,775.59,3,0,62.92,51.96,4.17,urban,day,1
223.93,850.47,2,1,55.91,42.46,4.7,urban,night,1
238.45,664.16,5,0,22.19,49.79,7.28,mixed,day,0
261.91,444.08,1,0,70.15,50.82,1.59,long_haul,day,0
243.33,212.54,4,1,79.31,40.09,5.61,mixed,night,1
437.45,1053.15,3,0,110.57,23.21,7.1,long_haul,day,0
40.02,486.64,4,1,52.18,14.44,0.0,long_haul,day,0
429.3,2023.81,3,1,49.23,47.2,7.05,mixed,night,0
243.05,365.57,1,1,37.81,30.97,0.0,urban,night,1
356.54,297.05,4,0,64.17,67.41,4.65,long_haul,day,1
130.95,1004.06,4,0,64.05,24.52,1.51,urban,day,1
499.29,1411.73,3,0,43.77,59.59,9.29,long_haul,night,0
486.85,825.84,2,0,56.5,27.65,1.53,mixed,night,0
443.94,1028.9,2,0,20.43,50.04,0.05,urban,day,1
72.79,62.58,3,1,78.53,55.45,5.4,mixed,day,1
424.37,529.0,2,0,44.59,14.66,3.76,mixed,night,1
360.73,370.55,2,1,59.31,22.73,0.49,long_haul,day,0
59.21,50.0,2,0,31.47,14.51,6.58,urban,day,1
296.36,846.79,1,0,48.35,11.55,0.0,long_haul,day,0
354.68,50.0,5,1,54.41,40.01,1.89,urban,day,0
383.41,271.12,2,0,59.77,27.05,3.27,long_haul,night,0
326.59,585.12,1,0,69.59,30.79,7.41,long_haul,day,0
343.68,467.49,1,1,88.78,38.34,8.89,urban,day,1
521.04,958.56,5,1,74.65,2.14,8.31,urban,night,0
483.91,922.23,3,1,79.24,49.3,4.54,long_haul,day,0
10.0,1157.52,2,1,88.92,24.76,0.0,long_haul,day,0
252.38,1100.95,3,1,71.39,37.99,6.17,urban,day,1
275.3,1256.33,1,1,59.27,39.31,9.41,mixed,night,0
37.19,799.23,2,1,80.18,50.56,8.7,long_haul,night,0
314.13,921.39,2,0,81.46,28.43,6.39,urban,night,1
487.31,1004.61,5,1,72.97,0.0,1.43,mixed,day,1
137.01,856.66,1,0,30.91,30.86,3.42,mixed,day,1
350.46,641.12,3,0,43.17,33.01,10.8,urban,day,1
162.63,667.02,4,0,54.5,14.49,0.75,long_haul,night,1
199.21,472.98,5,1,75.59,32.21,1.56,urban,day,1
521.61,968.65,3,0,59.57,24.58,7.83,long_haul,night,0
218.62,762.39,2,1,82.74,9.86,3.71,mixed,night,1
369.33,534.73,2,0,86.3,40.07,1.45,mixed,day,1
19.32,535.1,2,1,83.98,21.54,9.58,mixed,day,1
579.35,315.84,4,1,84.11,23.9,6.38,mixed,day,1
390.4,1191.54,2,1,39.26,23.06,3.85,long_haul,day,0
272.63,831.45,4,0,69.65,48.53,1.56,mixed,night,1
386.33,454.88,4,1,47.85,29.39,11.14,long_haul,day,0
88.53,1123.42,5,0,27.02,31.19,4.93,mixed,night,0
477.38,575.82,2,1,54.25,23.39,9.19,urban,day,0
251.4,237.4,5,0,86.49,36.94,7.68,urban,day,1
269.39,1208.49,3,1,69.21,50.24,3.44,long_haul,night,1
226.25,585.16,4,1,100.36,39.72,3.46,mixed,night,1
212.9,636.44,4,1,63.54,40.3,9.34,mixed,day,0
404.2,816.47,5,1,108.96,39.09,9.39,mixed,night,1
338.39,1257.04,3,0,63.55,9.3,0.0,mixed,night,1
397.76,808.01,4,1,60.45,16.86,6.65,mixed,night,0
298.68,320.35,2,0,34.41,26.93,4.64,mixed,night,1
376.98,1017.55,3,1,82.21,19.11,1.9,long_haul,day,0
237.17,606.0,3,0,49.96,14.03,5.79,urban,day,0
634.46,1555.17,4,1,47.06,1.92,0.95,mixed,night,1
64.81,799.55,4,1,85.62,9.8,3.6,urban,day,1
489.14,50.0,1,1,83.16,26.15,2.6,long_haul,day,1
505.19,942.95,5,1,82.64,28.96,3.5,mixed,day,1
172.18,1577.84,4,0,52.76,18.1,4.79,mixed,day,1
634.39,1430.37,1,1,58.98,31.18,1.95,long_haul,day,0
449.32,1532.38,5,1,58.8,23.49,9.72,mixed,day,1
445.67,392.1,4,1,75.65,46.36,6.48,urban,day,1
304.2,1164.86,1,1,91.07,27.58,10.38,mixed,day,1
267.42,511.2,3,1,67.36,40.44,4.52,urban,night,1
268.59,889.72,5,0,99.5,33.05,3.35,long_haul,night,1
358.58,290.82,2,1,77.94,8.97,10.28,mixed,day,0
510.18,542.22,5,1,55.3,28.64,3.27,long_haul,day,1
327.2,529.5,3,1,76.57,11.47,4.47,long_haul,day,0
163.28,1159.42,2,0,94.12,28.38,7.16,long_haul,night,1
423.66,1120.29,2,1,99.97,18.82,1.29,mixed,night,1
438.17,910.73,3,1,83.74,35.73,7.13,urban,night,1
398.2,259.83,4,0,60.51,9.86,6.75,urban,night,1
411.82,675.34,5,0,55.67,30.22,8.81,long_haul,day,0
259.36,501.55,1,0,71.52,38.59,7.67,long_haul,day,0
160.65,1147.87,5,1,93.48,43.61,8.9,long_haul,day,1
169.77,1271.27,3,0,68.68,18.54,4.67,urban,day,0
54.68,1222.55,1,1,69.09,30.27,2.41,urban,day,1
335.54,497.91,5,1,61.03,32.76,11.33,long_haul,night,0
287.48,50.0,2,0,53.44,53.21,0.42,urban,day,1
234.0,93.22,4,0,56.76,7.78,0.72,mixed,night,0
10.0,1368.65,4,0,62.71,16.33,6.7,urban,day,1
112.9,639.5,1,1,94.36,72.07,9.87,urban,day,1
468.13,499.71,2,0,55.21,25.9,5.57,mixed,night,0
200.31,1457.06,4,0,61.05,1.64,8.0,long_haul,day,1
354.09,1306.06,2,0,42.69,21.26,0.0,long_haul,day,0
91.4,809.78,1,0,74.33,0.0,3.5,mixed,day,1
515.81,682.64,1,1,87.33,33.61,0.0,mixed,night,1
278.4,747.16,5,1,92.49,42.15,7.34,long_haul,day,0
343.51,890.87,1,0,64.07,16.33,0.36,mixed,night,0
648.87,1440.02,1,0,71.49,22.94,1.17,mixed,night,1
527.47,968.99,3,0,56.93,43.85,6.54,mixed,night,1
254.02,1090.41,1,1,70.56,3.75,8.19,urban,day,1
211.02,1267.71,4,0,66.28,10.18,4.52,urban,night,1
251.17,332.13,3,1,61.17,26.58,6.71,long_haul,day,1
376.48,1101.94,4,1,62.76,18.71,6.61,mixed,night,1
284.22,682.17,3,0,69.04,25.59,4.35,urban,day,1
240.71,50.0,4,0,54.12,11.04,1.72,urban,day,0
520.08,50.0,4,0,55.15,33.21,6.69,long_haul,day,0
282.87,392.75,3,1,94.15,27.76,6.84,mixed,night,1
644.94,1012.49,1,0,114.21,38.24,7.68,mixed,night,1
313.61,845.52,2,0,35.91,33.01,5.94,urban,day,1
567.8,873.75,1,0,34.81,33.1,1.49,long_haul,day,1
353.6,1580.38,1,0,40.86,8.31,7.07,long_haul,night,0
444.44,292.36,2,0,57.93,37.39,5.0,mixed,night,0
191.31,789.03,2,1,77.92,25.04,3.55,urban,night,1
171.94,921.77,1,0,71.83,27.5,4.12,mixed,day,1
368.96,505.49,2,0,63.44,45.72,2.93,long_haul,night,0
448.28,811.33,3,0,70.58,19.21,7.67,long_haul,night,1
306.04,160.02,1,1,46.16,50.27,0.75,long_haul,day,0
107.04,1363.96,2,0,55.12,51.67,2.02,mixed,day,1
95.96,527.35,1,0,59.6,41.29,4.01,urban,day,0
85.93,1612.56,1,0,28.32,15.29,9.84,mixed,day,0
34.86,787.01,1,1,36.77,0.0,8.16,long_haul,night,0
316.42,1211.22,3,1,37.57,46.18,0.08,urban,day,1
468.76,778.68,4,1,75.28,31.67,9.05,urban,day,1
297.99,787.7,4,1,64.91,18.82,9.05,mixed,day,0
10.0,566.39,4,1,72.22,47.6,1.48,mixed,night,1
271.39,847.65,4,0,23.21,17.08,0.0,long_haul,night,1
275.58,927.2,5,0,30.33,23.64,4.78,urban,day,1
614.4,486.3,2,0,73.26,37.87,8.37,urban,night,1
81.43,749.98,4,1,10.0,13.3,9.77,urban,day,0
241.4,555.96,5,1,84.49,28.36,2.39,mixed,night,0
555.88,1719.87,3,1,23.53,46.34,10.26,long_haul,night,1
367.5,764.11,5,1,76.87,33.17,0.0,mixed,day,1
384.5,1418.09,1,0,42.23,48.71,3.9,mixed,night,1
317.19,721.75,5,0,80.98,47.0,3.75,urban,day,1
349.49,903.72,3,0,124.16,30.12,8.46,mixed,night,1
416.64,271.45,2,1,14.54,0.0,8.89,long_haul,day,1
178.58,621.17,1,1,73.91,13.41,7.86,long_haul,night,0
431.71,884.21,4,0,23.84,41.45,0.95,urban,day,1
94.05,1434.4,3,0,68.54,6.75,7.59,mixed,day,1
349.26,888.79,2,1,55.86,25.1,6.53,urban,day,1
326.81,1353.49,2,1,62.6,35.08,0.0,urban,night,0
207.56,1056.29,5,1,41.77,52.04,0.0,urban,day,1
296.6,1450.96,3,1,75.61,21.37,8.11,urban,night,1
206.62,776.38,1,0,31.03,20.35,4.46,urban,day,0
139.24,1756.09,2,0,84.83,29.21,1.14,long_haul,night,0
246.96,605.84,1,1,51.81,35.26,4.38,urban,day,1
134.4,493.42,4,1,31.95,27.69,6.09,long_haul,day,0
348.42,315.98,5,1,91.9,45.74,4.75,long_haul,night,1
127.49,1732.41,5,1,58.65,18.01,0.34,mixed,day,0
406.8,1127.78,4,1,98.15,31.8,10.66,mixed,day,1
122.78,666.35,4,0,84.43,36.68,8.01,long_haul,night,1
